Mass,C,H,O,N,C13,S,P,Na,El_comp,Class,NeutralMass,Error_ppm,Candidates,CAN1 (1)
97.58888,0,0,0,0,0,0,0,0,,None,98.59615646688,0,0,1557223
97.59021,0,0,0,0,0,0,0,0,,None,98.59748646688,0,0,1031039
97.59192,0,0,0,0,0,0,0,0,,None,98.59919646688,0,0,903612
98.36017,0,0,0,0,0,0,0,0,,None,99.36744646688,0,0,590302
98.57357,0,0,0,0,0,0,0,0,,None,99.58084646688,0,0,3264189
98.57409,0,0,0,0,0,0,0,0,,None,99.58136646688,0,0,858559
98.57522,0,0,0,0,0,0,0,0,,None,99.58249646688,0,0,1304837
98.5767,0,0,0,0,0,0,0,0,,None,99.58397646688,0,0,1268068
98.57722,0,0,0,0,0,0,0,0,,None,99.58449646688,0,0,395522
99.28831,0,0,0,0,0,0,0,0,,None,100.29558646688,0,0,2815666
99.28974,0,0,0,0,0,0,0,0,,None,100.29701646688,0,0,1377828
99.65829,0,0,0,0,0,0,0,0,,None,100.66556646688,0,0,16421005
99.65882,0,0,0,0,0,0,0,0,,None,100.66609646688,0,0,5678031
99.65924,0,0,0,0,0,0,0,0,,None,100.66651646688,0,0,4453564
99.65974,0,0,0,0,0,0,0,0,,None,100.66701646688,0,0,7588336
99.66039,0,0,0,0,0,0,0,0,,None,100.66766646688,0,0,3655551
99.66135,0,0,0,0,0,0,0,0,,None,100.66862646688,0,0,6042090
100.41777,0,0,0,0,0,0,0,0,,None,101.42504646688,0,0,1659730
100.41921,0,0,0,0,0,0,0,0,,None,101.42648646688,0,0,694036
100.4209,0,0,0,0,0,0,0,0,,None,101.42817646688,0,0,523634
101.20028,0,0,0,0,0,0,0,0,,None,102.20755646688,0,0,878782
107.591,0,0,0,0,0,0,0,0,,None,108.59827646688,0,0,321663
110.8546,0,0,0,0,0,0,0,0,,None,111.86187646688,0,0,371863
110.85628,0,0,0,0,0,0,0,0,,None,111.86355646688,0,0,1187911
110.85814,0,0,0,0,0,0,0,0,,None,111.86541646688,0,0,1199144
110.86024,0,0,0,0,0,0,0,0,,None,111.86751646688,0,0,3036829
111.06099,0,0,0,0,0,0,0,0,,None,112.06826646688,0,0,670254
112.14309,0,0,0,0,0,0,0,0,,None,113.15036646688,0,0,1038156
112.14695,0,0,0,0,0,0,0,0,,None,113.15422646688,0,0,365259
112.72493,0,0,0,0,0,0,0,0,,None,113.73220646688,0,0,6494033
112.72559,0,0,0,0,0,0,0,0,,None,113.73286646688,0,0,3111138
112.72615,0,0,0,0,0,0,0,0,,None,113.73342646688,0,0,2893850
112.72683,0,0,0,0,0,0,0,0,,None,113.73410646688,0,0,2626166
112.72891,0,0,0,0,0,0,0,0,,None,113.73618646688,0,0,2453934
119.27138,0,0,0,0,0,0,0,0,,None,120.27865646688,0,0,344462
127.6169,0,0,0,0,0,0,0,0,,None,128.62417646688,0,0,659087
134.5844,0,0,0,0,0,0,0,0,,None,135.59167646688,0,0,718609
140.08845,0,0,0,0,0,0,0,0,,None,141.09572646688,0,0,336592
141.6324,0,0,0,0,0,0,0,0,,None,142.63967646688,0,0,1120177
141.63358,0,0,0,0,0,0,0,0,,None,142.64085646688,0,0,371932
141.63476,0,0,0,0,0,0,0,0,,None,142.64203646688,0,0,355448
154.36327,0,0,0,0,0,0,0,0,,None,155.37054646688,0,0,391097
154.45044,0,0,0,0,0,0,0,0,,None,155.45771646688,0,0,340808
159.02294,0,0,0,0,0,0,0,0,,None,160.03021646688,0,0,4932563
159.02702,0,0,0,0,0,0,0,0,,None,160.03429646688,0,0,9766340
159.35755,0,0,0,0,0,0,0,0,,None,160.36482646688,0,0,1119687
159.36169,0,0,0,0,0,0,0,0,,None,160.36896646688,0,0,2242212
166.7736,0,0,0,0,0,0,0,0,,None,167.78087646688,0,0,713421
171.10276,9,16,3,0,0,0,0,0,CHO,Protein,172.11003646688,-0.535047123889198,1,542141
173.00934,0,0,0,0,0,0,0,0,,None,174.01661646688,0,0,409054
175.30889,0,0,0,0,0,0,0,0,,None,176.31616646688,0,0,745886
175.40882,0,0,0,0,0,0,0,0,,None,176.41609646688,0,0,352107
179.05676,0,0,0,0,0,0,0,0,,None,180.06403646688,0,0,674330
179.83553,0,0,0,0,0,0,0,0,,None,180.84280646688,0,0,575857
179.84052,0,0,0,0,0,0,0,0,,None,180.84779646688,0,0,960719
179.8472,0,0,0,0,0,0,0,0,,None,180.85447646688,0,0,1055934
184.75453,0,0,0,0,0,0,0,0,,None,185.76180646688,0,0,5326697
184.75989,0,0,0,0,0,0,0,0,,None,185.76716646688,0,0,9860428
184.76156,0,0,0,0,0,0,0,0,,None,185.76883646688,0,0,9506796
185.08909,0,0,0,0,0,0,0,0,,None,186.09636646688,0,0,1402394
185.09451,0,0,0,0,0,0,0,0,,None,186.10178646688,0,0,2880828
185.09613,7,15,0,4,0,0,1,0,CHNP,Lipid,186.10340646688,0.142638012474852,1,2759693
185.09755,0,0,0,0,0,0,0,0,,None,186.10482646688,0,0,4079950
187.09777,9,16,4,0,0,0,0,0,CHO,Protein,188.10504646688,-0.99659676087948,1,883076
189.17899,0,0,0,0,0,0,0,0,,None,190.18626646688,0,0,465420
205.03591,0,0,0,0,0,0,0,0,,None,206.04318646688,0,0,867811
211.13442,0,0,0,0,0,0,0,0,,None,212.14169646688,0,0,418617
227.2023,0,0,0,0,0,0,0,0,,None,228.20957646688,0,0,1637905
238.03067,7,14,4,1,0,1,1,0,CHONSP,AminoSugar,239.03794646688,0.705645787764983,2,1601493
238.5337,0,0,0,0,0,0,0,0,,None,239.54097646688,0,0,2114735
238.53958,0,0,0,0,0,0,0,0,,None,239.54685646688,0,0,870251
238.54247,0,0,0,0,0,0,0,0,,None,239.54974646688,0,0,1277724
238.55187,0,0,0,0,0,0,0,0,,None,239.55914646688,0,0,501681
239.03565,7,8,2,6,0,1,0,0,CHONS,Lignin,240.04292646688,0.0739672701417842,1,559354
241.21797,0,0,0,0,0,0,0,0,,None,242.22524646688,0,0,999696
242.17682,0,0,0,0,0,0,0,0,,None,243.18409646688,0,0,7844929
243.1802,0,0,0,0,0,0,0,0,,None,244.18747646688,0,0,1101784
253.21828,0,0,0,0,0,0,0,0,,None,254.22555646688,0,0,907024
254.94833,0,0,0,0,0,0,0,0,,None,255.95560646688,0,0,753692
254.97887,10,8,4,0,0,2,0,0,CHOS,Lignin,255.98614646688,0.990906435728015,2,886526
255.00198,0,0,0,0,0,0,0,0,,None,256.00925646688,0,0,929021
255.00708,11,13,1,0,0,2,1,0,CHOSP,UnsatHC,256.01435646688,0.728328374098659,1,947967
255.23359,0,0,0,0,0,0,0,0,,None,256.24086646688,0,0,249804848
255.56605,0,0,0,0,0,0,0,0,,None,256.57332646688,0,0,821812
255.5815,0,0,0,0,0,0,0,0,,None,256.58877646688,0,0,800825
255.59187,0,0,0,0,0,0,0,0,,None,256.59914646688,0,0,774116
255.60212,0,0,0,0,0,0,0,0,,None,256.60939646688,0,0,784095
255.60717,0,0,0,0,0,0,0,0,,None,256.61444646688,0,0,762625
255.61222,0,0,0,0,0,0,0,0,,None,256.61949646688,0,0,774851
255.6149,0,0,0,0,0,0,0,0,,None,256.62217646688,0,0,797539
255.61762,0,0,0,0,0,0,0,0,,None,256.62489646688,0,0,767228
255.75901,0,0,0,0,0,0,0,0,,None,256.76628646688,0,0,675401
255.82083,0,0,0,0,0,0,0,0,,None,256.82810646688,0,0,640477
256.23689,0,0,0,0,0,0,0,0,,None,257.24416646688,0,0,42180712
257.24042,16,35,0,0,0,0,1,0,CHP,Lipid,258.24769646688,-0.227817636988961,1,3601102
265.1487,0,0,0,0,0,0,0,0,,None,266.15597646688,0,0,1858382
269.21348,0,0,0,0,0,0,0,0,,None,270.22075646688,0,0,601506
269.24925,0,0,0,0,0,0,0,0,,None,270.25652646688,0,0,4070405
270.25315,0,0,0,0,0,0,0,0,,None,271.26042646688,0,0,802077
273.09847,7,15,2,8,0,0,1,0,CHONP,Lipid,274.10574646688,-0.68655831730507,1,845120
277.13031,13,26,2,0,0,2,0,0,CHOS,Lipid,278.13758646688,-0.593260630773258,1,2712007
277.13736,0,0,0,0,0,0,0,0,,None,278.14463646688,0,0,1006056
277.14386,0,0,0,0,0,0,0,0,,None,278.15113646688,0,0,1051313
277.15678,0,0,0,0,0,0,0,0,,None,278.16405646688,0,0,653139
277.21814,11,30,0,6,0,1,0,0,CHNS,Other,278.22541646688,-0.541944305175627,1,2254325
277.63208,0,0,0,0,0,0,0,0,,None,278.63935646688,0,0,681504
279.23371,0,0,0,0,0,0,0,0,,None,280.24098646688,0,0,33001254
280.23711,0,0,0,0,0,0,0,0,,None,281.24438646688,0,0,6306049
280.24169,0,0,0,0,0,0,0,0,,None,281.24896646688,0,0,1484002
281.24943,0,0,0,0,0,0,0,0,,None,282.25670646688,0,0,63112796
281.31305,0,0,0,0,0,0,0,0,,None,282.32032646688,0,0,833700
282.15675,0,0,0,0,0,0,0,0,,None,283.16402646688,0,0,695755
282.25272,0,0,0,0,0,0,0,0,,None,283.25999646688,0,0,11744049
282.35398,0,0,0,0,0,0,0,0,,None,283.36125646688,0,0,674736
282.42294,0,0,0,0,0,0,0,0,,None,283.43021646688,0,0,746442
282.46691,0,0,0,0,0,0,0,0,,None,283.47418646688,0,0,781041
282.47319,0,0,0,0,0,0,0,0,,None,283.48046646688,0,0,829666
282.47944,0,0,0,0,0,0,0,0,,None,283.48671646688,0,0,873475
282.49206,0,0,0,0,0,0,0,0,,None,283.49933646688,0,0,837717
282.50143,0,0,0,0,0,0,0,0,,None,283.50870646688,0,0,852854
282.51092,0,0,0,0,0,0,0,0,,None,283.51819646688,0,0,935239
282.5172,0,0,0,0,0,0,0,0,,None,283.52447646688,0,0,859832
282.52348,0,0,0,0,0,0,0,0,,None,283.53075646688,0,0,885897
282.52662,0,0,0,0,0,0,0,0,,None,283.53389646688,0,0,846954
282.52982,0,0,0,0,0,0,0,0,,None,283.53709646688,0,0,918618
282.53604,0,0,0,0,0,0,0,0,,None,283.54331646688,0,0,856459
282.53916,0,0,0,0,0,0,0,0,,None,283.54643646688,0,0,835804
282.54233,0,0,0,0,0,0,0,0,,None,283.54960646688,0,0,864732
282.54859,0,0,0,0,0,0,0,0,,None,283.55586646688,0,0,948573
282.558,0,0,0,0,0,0,0,0,,None,283.56527646688,0,0,904542
282.56115,0,0,0,0,0,0,0,0,,None,283.56842646688,0,0,906847
282.57676,0,0,0,0,0,0,0,0,,None,283.58403646688,0,0,966849
282.57999,0,0,0,0,0,0,0,0,,None,283.58726646688,0,0,1026770
282.58315,0,0,0,0,0,0,0,0,,None,283.59042646688,0,0,997426
282.58632,0,0,0,0,0,0,0,0,,None,283.59359646688,0,0,951651
282.58943,0,0,0,0,0,0,0,0,,None,283.59670646688,0,0,919715
282.59262,0,0,0,0,0,0,0,0,,None,283.59989646688,0,0,1012292
282.59882,0,0,0,0,0,0,0,0,,None,283.60609646688,0,0,947092
282.60198,0,0,0,0,0,0,0,0,,None,283.60925646688,0,0,983477
282.60819,0,0,0,0,0,0,0,0,,None,283.61546646688,0,0,1028518
282.61139,0,0,0,0,0,0,0,0,,None,283.61866646688,0,0,1101126
282.61461,0,0,0,0,0,0,0,0,,None,283.62188646688,0,0,1044839
282.61776,0,0,0,0,0,0,0,0,,None,283.62503646688,0,0,992775
282.62086,0,0,0,0,0,0,0,0,,None,283.62813646688,0,0,1024088
282.62401,0,0,0,0,0,0,0,0,,None,283.63128646688,0,0,984536
282.62712,0,0,0,0,0,0,0,0,,None,283.63439646688,0,0,948681
282.63337,0,0,0,0,0,0,0,0,,None,283.64064646688,0,0,1055450
282.63651,0,0,0,0,0,0,0,0,,None,283.64378646688,0,0,1082026
282.63975,0,0,0,0,0,0,0,0,,None,283.64702646688,0,0,1057339
282.64279,0,0,0,0,0,0,0,0,,None,283.65006646688,0,0,1044059
282.64599,0,0,0,0,0,0,0,0,,None,283.65326646688,0,0,1081451
282.64913,0,0,0,0,0,0,0,0,,None,283.65640646688,0,0,1041868
282.65229,0,0,0,0,0,0,0,0,,None,283.65956646688,0,0,1063500
282.65541,0,0,0,0,0,0,0,0,,None,283.66268646688,0,0,1064909
282.65854,0,0,0,0,0,0,0,0,,None,283.66581646688,0,0,1113357
282.66172,0,0,0,0,0,0,0,0,,None,283.66899646688,0,0,1170542
282.66492,0,0,0,0,0,0,0,0,,None,283.67219646688,0,0,1119790
282.66803,0,0,0,0,0,0,0,0,,None,283.67530646688,0,0,1102495
282.67116,0,0,0,0,0,0,0,0,,None,283.67843646688,0,0,1070911
282.67424,0,0,0,0,0,0,0,0,,None,283.68151646688,0,0,1112032
282.67743,0,0,0,0,0,0,0,0,,None,283.68470646688,0,0,1131312
282.68058,0,0,0,0,0,0,0,0,,None,283.68785646688,0,0,1131537
282.68375,0,0,0,0,0,0,0,0,,None,283.69102646688,0,0,1141665
282.68691,0,0,0,0,0,0,0,0,,None,283.69418646688,0,0,1134306
282.69005,0,0,0,0,0,0,0,0,,None,283.69732646688,0,0,1100034
282.69313,0,0,0,0,0,0,0,0,,None,283.70040646688,0,0,1058370
282.69631,0,0,0,0,0,0,0,0,,None,283.70358646688,0,0,1186819
282.69943,0,0,0,0,0,0,0,0,,None,283.70670646688,0,0,1110435
282.70254,0,0,0,0,0,0,0,0,,None,283.70981646688,0,0,1118660
282.70568,0,0,0,0,0,0,0,0,,None,283.71295646688,0,0,1134756
282.70882,0,0,0,0,0,0,0,0,,None,283.71609646688,0,0,1206277
282.71198,0,0,0,0,0,0,0,0,,None,283.71925646688,0,0,1239493
282.71517,0,0,0,0,0,0,0,0,,None,283.72244646688,0,0,1278742
282.7183,0,0,0,0,0,0,0,0,,None,283.72557646688,0,0,1172486
282.72145,0,0,0,0,0,0,0,0,,None,283.72872646688,0,0,1280935
282.72462,0,0,0,0,0,0,0,0,,None,283.73189646688,0,0,1205623
282.72778,0,0,0,0,0,0,0,0,,None,283.73505646688,0,0,1187528
282.73091,0,0,0,0,0,0,0,0,,None,283.73818646688,0,0,1177592
282.73402,0,0,0,0,0,0,0,0,,None,283.74129646688,0,0,1207816
282.73712,0,0,0,0,0,0,0,0,,None,283.74439646688,0,0,1154825
282.74027,0,0,0,0,0,0,0,0,,None,283.74754646688,0,0,1252729
282.74343,0,0,0,0,0,0,0,0,,None,283.75070646688,0,0,1183034
282.74653,0,0,0,0,0,0,0,0,,None,283.75380646688,0,0,1257530
282.74967,0,0,0,0,0,0,0,0,,None,283.75694646688,0,0,1286955
282.75283,0,0,0,0,0,0,0,0,,None,283.76010646688,0,0,1356667
282.75604,0,0,0,0,0,0,0,0,,None,283.76331646688,0,0,1315516
282.7592,0,0,0,0,0,0,0,0,,None,283.76647646688,0,0,1315900
282.76234,0,0,0,0,0,0,0,0,,None,283.76961646688,0,0,1304381
283.26498,0,0,0,0,0,0,0,0,,None,284.27225646688,0,0,563188608
283.76607,0,0,0,0,0,0,0,0,,None,284.77334646688,0,0,1336720
284.26844,0,0,0,0,0,0,0,0,,None,285.27571646688,0,0,102871064
285.27189,18,39,0,0,0,0,1,0,CHP,Lipid,286.27916646688,-0.798887962394552,1,9193387
286.27209,0,0,0,0,0,0,0,0,,None,287.27936646688,0,0,759183
289.07232,7,20,6,2,0,0,2,0,CHONP,Other,290.07959646688,0.216968448677193,3,64803020
290.07578,6,20,6,2,1,0,2,0,CHONP,Other,291.08305646688,-0.145058529058271,2,10276894
291.07631,11,13,2,6,0,0,1,0,CHONP,Lignin,292.08358646688,0.594815416026846,1,1225454
293.17652,10,26,2,6,0,1,0,0,CHONS,Other,294.18379646688,-0.00566611763064042,1,844218
297.24434,0,0,0,0,0,0,0,0,,None,298.25161646688,0,0,5185680
297.28035,0,0,0,0,0,0,0,0,,None,298.28762646688,0,0,979398
298.24761,12,29,0,9,0,0,0,0,CHN,Lipid,299.25488646688,-0.984074758136877,1,902961
299.07784,14,20,3,0,0,2,0,0,CHOS,Lignin,300.08511646688,0.897816670058883,4,1226152
299.26003,0,0,0,0,0,0,0,0,,None,300.26730646688,0,0,875238
301.03619,16,14,2,0,0,2,0,0,CHOS,Lignin,302.04346646688,0.180790932730002,3,2050003
303.05128,15,12,7,0,0,0,0,0,CHO,Lignin,304.05855646688,-0.834467488658412,3,988769
309.28034,0,0,0,0,0,0,0,0,,None,310.28761646688,0,0,1217836
311.16921,10,28,1,6,0,2,0,0,CHONS,Other,312.17648646688,0.366668294924211,1,894141
311.29622,0,0,0,0,0,0,0,0,,None,312.30349646688,0,0,12189331
312.29946,0,0,0,0,0,0,0,0,,None,313.30673646688,0,0,2603452
315.0519,17,16,2,0,0,2,0,0,CHOS,UnsatHC,316.05917646688,-0.0168610197325188,3,947206
315.07312,14,20,4,0,0,2,0,0,CHOS,Lignin,316.08039646688,-0.3035825097375,2,857307
315.11003,15,16,4,4,0,0,0,0,CHON,Lignin,316.11730646688,-0.479075573728215,2,697264
319.08332,17,20,2,0,0,2,0,0,CHOS,UnsatHC,320.09059646688,-0.39114138733383,2,668275
325.09345,16,22,3,0,0,2,0,0,CHOS,Lignin,326.10072646688,0.949049158359045,4,3218230
325.18509,11,30,1,6,0,2,0,0,CHONS,Other,326.19236646688,-0.353995347131397,1,1178075
329.08848,15,22,4,0,0,2,0,0,CHOS,Lignin,330.09575646688,0.588034581490621,3,3870479
336.2381,13,27,0,11,0,0,0,0,CHN,Lipid,337.24537646688,-0.849657252558016,1,900746
336.27421,0,0,0,0,0,0,0,0,,None,337.28148646688,0,0,1083871
339.20025,19,32,3,0,0,1,0,0,CHOS,Lipid,340.20752646688,-0.913805121315843,2,949594
339.32762,0,0,0,0,0,0,0,0,,None,340.33489646688,0,0,2416512
340.33173,0,0,0,0,0,0,0,0,,None,341.33900646688,0,0,513840
341.10947,13,26,6,0,0,2,0,0,CHOS,Protein,342.11674646688,0.974755908522915,3,2456382
342.11254,12,26,6,0,1,2,0,0,CHOS,Protein,343.11981646688,1.80204724497863,1,463165
353.34392,0,0,0,0,0,0,0,0,,None,354.35119646688,0,0,496278
355.10412,17,24,4,0,0,2,0,0,CHOS,Lignin,356.11139646688,0.573337225496122,3,979734
367.35885,0,0,0,0,0,0,0,0,,None,368.36612646688,0,0,1473414
371.09825,16,20,10,0,0,0,0,0,CHO,Lignin,372.10552646688,0.323553700315638,3,974972
377.08871,19,22,4,0,0,2,0,0,CHOS,Lignin,378.09598646688,-0.0949290160874332,4,606085
377.13607,20,29,1,0,0,0,3,0,CHOP,UnsatHC,378.14334646688,-0.585449624102187,5,599705
385.12392,20,24,2,2,0,0,2,0,CHONP,UnsatHC,386.13119646688,0.270835718389653,4,2421661
385.62555,0,0,0,0,0,0,0,0,,None,386.63282646688,0,0,1129690
389.12458,20,22,8,0,0,0,0,0,CHO,Lignin,390.13185646688,-0.99654481825507,6,1701092
391.15016,21,29,3,0,0,1,1,0,CHOSP,Lignin,392.15743646688,0.167102071387732,5,637785
399.14046,12,29,3,6,0,2,1,0,CHONSP,Lipid,400.14773646688,0.700370124470756,1,2767624
399.64203,0,0,0,0,0,0,0,0,,None,400.64930646688,0,0,1200046
429.24967,22,38,8,0,0,0,0,0,CHO,Protein,430.25694646688,-0.646753718360136,4,2097926
457.28179,25,46,3,0,0,2,0,0,CHOS,Lipid,458.28906646688,-0.501308010216564,3,4611958
461.07352,32,15,2,0,0,0,1,0,CHOP,ConHC,462.08079646688,0.367400725801965,9,22498194
462.07697,31,15,2,0,1,0,1,0,CHOP,ConHC,463.08424646688,0.161108093185748,10,6395274
463.08915,32,17,2,0,0,0,1,0,CHOP,ConHC,464.09642646688,0.409037883304143,10,89927440
463.32836,25,52,3,0,0,2,0,0,CHOS,Lipid,464.33563646688,0.324008342741444,3,10867101
464.09263,31,17,2,0,1,0,1,0,CHOP,ConHC,465.09990646688,0.139047157479774,10,22115860
465.09463,25,25,3,0,0,0,3,0,CHOP,UnsatHC,466.10190646688,-0.541229453328704,13,4457839
473.28557,25,47,4,0,0,1,1,0,CHOSP,Lipid,474.29284646688,0.887068449569915,4,3964739
476.08038,27,16,4,3,0,0,1,0,CHONP,ConHC,477.08765646688,0.389992735065447,6,4021777
476.10715,28,19,3,3,0,1,0,0,CHONS,ConHC,477.11442646688,0.598839406628831,11,4102258
476.11608,17,23,13,3,0,0,0,0,CHON,Tannin,477.12335646688,-0.563010962189532,10,4132754
476.1339,30,25,1,1,0,0,2,0,CHONP,UnsatHC,477.14117646688,-0.0817726113549297,6,4205266
476.14282,20,33,6,1,0,1,2,0,CHONSP,Protein,477.15009646688,0.597380619108721,9,4174962
476.15171,20,32,8,1,0,1,1,0,CHONSP,Protein,477.15898646688,-0.759197018809795,10,4282514
476.16065,31,28,0,1,0,1,1,0,CHNSP,UnsatHC,477.16792646688,0.168991073205421,8,4339890
476.16958,20,32,10,1,0,0,1,0,CHONP,Protein,477.17685646688,-0.992720987150789,7,4372050
476.17852,31,28,2,1,0,0,1,0,CHONP,UnsatHC,477.18579646688,-0.0645632796815472,8,4451570
476.18744,21,36,7,1,0,1,1,0,CHONSP,Protein,477.19471646688,0.614526125003379,5,4404498
476.19636,21,35,9,1,0,1,0,0,CHONS,Protein,477.20363646688,-0.804791184956544,7,4512306
476.20527,32,31,1,1,0,1,0,0,CHONS,UnsatHC,477.21254646688,0.186175993600286,6,4524114
476.21421,21,35,11,1,0,0,0,0,CHON,Protein,477.22148646688,-0.996382379060707,7,4650482
476.22314,32,31,3,1,0,0,0,0,CHON,UnsatHC,477.23041646688,-0.047357165958786,5,4569362
476.23204,22,39,8,1,0,1,0,0,CHONS,Protein,477.23931646688,0.673576147021587,5,4724018
476.24099,26,42,1,1,0,0,3,0,CHONP,Lipid,477.24826646688,-0.716527233488759,5,4744786
476.24993,22,39,10,1,0,0,0,0,CHON,Protein,477.25720646688,0.398131693731937,3,4828658
476.25886,25,39,4,3,0,1,0,0,CHONS,Lipid,477.26613646688,-0.0189013620310634,4,4823569
476.26777,27,45,0,1,0,1,2,0,CHNSP,Lipid,477.27504646688,-0.528641046324299,3,4844081
476.27671,25,39,6,3,0,0,0,0,CHON,Lipid,477.28398646688,-0.210496858990059,3,5003089
476.28564,27,45,2,1,0,0,2,0,CHONP,Lipid,477.29291646688,-0.762116862474257,2,4904689
476.29456,28,40,0,5,0,0,1,0,CHNP,UnsatHC,477.30183646688,0.620892477899283,2,5080977
476.30351,28,39,2,5,0,0,0,0,CHON,UnsatHC,477.31078646688,-0.860958502648888,3,5029809
476.3124,28,48,1,1,0,1,1,0,CHONSP,Lipid,477.31967646688,-0.532345077231799,2,5036497
476.32132,28,49,1,1,0,0,2,0,CHONP,Lipid,477.32859646688,0.715970764258772,3,5181681
476.33021,28,48,3,1,0,0,1,0,CHONP,Lipid,477.33748646688,-0.640101791094864,2,5207825
476.33917,29,51,0,1,0,2,0,0,CHNS,Lipid,477.34644646688,-0.323548192613885,3,5295153
476.34808,29,52,0,1,0,1,1,0,CHNSP,Lipid,477.35535646688,0.945642515376341,2,5304529
476.35703,29,51,2,1,0,1,0,0,CHONS,Lipid,477.36430646688,-0.536048415302652,4,5499376
476.36597,29,52,2,1,0,0,1,0,CHONP,Lipid,477.37324646688,0.670254821252042,1,5509648
476.37489,29,51,4,1,0,0,0,0,CHON,Lipid,477.38216646688,-0.748532737715942,2,5481008
476.3838,0,0,0,0,0,0,0,0,,None,477.39107646688,0,0,5638608
476.39274,30,55,1,1,0,1,0,0,CHONS,Lipid,477.40001646688,0.878960841088022,2,5635312
476.40166,24,57,0,5,0,0,2,0,CHNP,Lipid,477.40893646688,-0.0347525544139455,2,5788560
476.4106,30,55,3,1,0,0,0,0,CHON,Lipid,477.41787646688,0.666439477225223,1,5885872
476.41954,25,51,0,9,0,0,0,0,CHN,Lipid,477.42681646688,-0.154543015706489,1,5904719
476.42849,0,0,0,0,0,0,0,0,,None,477.43576646688,0,0,6007791
476.4374,0,0,0,0,0,0,0,0,,None,477.44467646688,0,0,6027663
476.44633,0,0,0,0,0,0,0,0,,None,477.45360646688,0,0,6211631
476.45527,0,0,0,0,0,0,0,0,,None,477.46254646688,0,0,6188623
476.46418,0,0,0,0,0,0,0,0,,None,477.47145646688,0,0,6274158
476.47311,0,0,0,0,0,0,0,0,,None,477.48038646688,0,0,6400398
476.48206,0,0,0,0,0,0,0,0,,None,477.48933646688,0,0,6555566
476.49098,0,0,0,0,0,0,0,0,,None,477.49825646688,0,0,6579662
476.49992,0,0,0,0,0,0,0,0,,None,477.50719646688,0,0,6736110
476.50884,0,0,0,0,0,0,0,0,,None,477.51611646688,0,0,6739469
476.51778,0,0,0,0,0,0,0,0,,None,477.52505646688,0,0,6951725
476.52672,0,0,0,0,0,0,0,0,,None,477.53399646688,0,0,7047501
476.53565,0,0,0,0,0,0,0,0,,None,477.54292646688,0,0,7155821
476.54459,0,0,0,0,0,0,0,0,,None,477.55186646688,0,0,7310220
476.55353,0,0,0,0,0,0,0,0,,None,477.56080646688,0,0,7393196
476.56248,0,0,0,0,0,0,0,0,,None,477.56975646688,0,0,7558092
477.06803,22,22,8,0,0,2,0,0,CHOS,Lignin,478.07530646688,0.632946558599526,9,1145707008
477.5745,0,0,0,0,0,0,0,0,,None,478.58177646688,0,0,6096550
477.58347,0,0,0,0,0,0,0,0,,None,478.59074646688,0,0,5984709
477.59244,0,0,0,0,0,0,0,0,,None,478.59971646688,0,0,5798116
477.6014,0,0,0,0,0,0,0,0,,None,478.60867646688,0,0,5755395
477.6104,0,0,0,0,0,0,0,0,,None,478.61767646688,0,0,5661090
477.61938,0,0,0,0,0,0,0,0,,None,478.62665646688,0,0,5431105
477.62834,0,0,0,0,0,0,0,0,,None,478.63561646688,0,0,5342560
477.63731,0,0,0,0,0,0,0,0,,None,478.64458646688,0,0,5218815
477.64629,0,0,0,0,0,0,0,0,,None,478.65356646688,0,0,5149598
477.65526,0,0,0,0,0,0,0,0,,None,478.66253646688,0,0,5006141
477.66423,0,0,0,0,0,0,0,0,,None,478.67150646688,0,0,4907996
477.6732,0,0,0,0,0,0,0,0,,None,478.68047646688,0,0,4808571
477.68218,0,0,0,0,0,0,0,0,,None,478.68945646688,0,0,4783642
477.69117,0,0,0,0,0,0,0,0,,None,478.69844646688,0,0,4602041
477.70013,0,0,0,0,0,0,0,0,,None,478.70740646688,0,0,4546776
477.7091,0,0,0,0,0,0,0,0,,None,478.71637646688,0,0,4421367
477.71807,0,0,0,0,0,0,0,0,,None,478.72534646688,0,0,4405270
477.72706,0,0,0,0,0,0,0,0,,None,478.73433646688,0,0,4291125
477.73602,0,0,0,0,0,0,0,0,,None,478.74329646688,0,0,4146515
477.74499,0,0,0,0,0,0,0,0,,None,478.75226646688,0,0,4167026
477.75398,0,0,0,0,0,0,0,0,,None,478.76125646688,0,0,4050193
477.76294,0,0,0,0,0,0,0,0,,None,478.77021646688,0,0,3883696
477.77188,0,0,0,0,0,0,0,0,,None,478.77915646688,0,0,3897935
477.78084,0,0,0,0,0,0,0,0,,None,478.78811646688,0,0,3776622
477.7898,12,5,0,3,0,9,0,0,CHNS,ConHC,478.79707646688,-0.194405489582947,1,3708045
478.07186,21,22,8,0,1,2,0,0,CHOS,Lignin,479.07913646688,-0.360203705198995,9,262461264
479.07434,32,16,3,0,0,1,0,0,CHOS,ConHC,480.08161646688,0.830281781981558,12,52959352
480.07618,24,19,8,1,0,1,0,0,CHONS,ConHC,481.08345646688,-0.663471120704753,9,8564855
483.4429,31,56,0,4,0,0,0,0,CHN,Lipid,484.45017646688,0.663332444983898,1,4239333
489.2777,28,43,5,0,0,0,1,0,CHOP,Lipid,490.28497646688,-0.337489598858372,7,5321399
499.04906,27,16,8,0,0,1,0,0,CHOS,ConHC,500.05633646688,0.503370323818994,14,6489900
511.47399,0,0,0,0,0,0,0,0,,None,512.48126646688,0,0,69351128
512.47757,0,0,0,0,0,0,0,0,,None,513.48484646688,0,0,23900118
512.49221,0,0,0,0,0,0,0,0,,None,513.49948646688,0,0,5404752
513.47971,0,0,0,0,0,0,0,0,,None,514.48698646688,0,0,4708037
535.47383,0,0,0,0,0,0,0,0,,None,536.48110646688,0,0,4374155
537.48923,34,66,4,0,0,0,0,0,CHO,Lipid,538.49650646688,-0.735120609361003,1,12360086
538.49342,0,0,0,0,0,0,0,0,,None,539.50069646688,0,0,5130536
539.50494,34,68,4,0,0,0,0,0,CHO,Lipid,540.51221646688,-0.843266194673311,1,138935456
540.50857,33,68,4,0,1,0,0,0,CHO,Lipid,541.51584646688,-1.34983654620386,1,51730848
541.51137,34,71,2,0,0,0,1,0,CHOP,Lipid,542.51864646688,0.961379711912978,1,9847063
545.3126,32,50,3,0,0,2,0,0,CHOS,Lipid,546.31987646688,0.476615315006611,7,21628628
546.31602,31,50,3,0,1,2,0,0,CHOS,Lipid,547.32329646688,0.356685383659617,8,7461198
547.32032,32,53,1,0,0,2,1,0,CHOSP,Lipid,548.32759646688,-0.0952960973655687,5,1886792
552.23304,41,31,1,1,0,0,0,0,CHON,ConHC,553.24031646688,0.448549233921473,16,1868329
552.25712,37,36,0,3,0,0,1,0,CHNP,UnsatHC,553.26439646688,0.520934153631157,10,1823808
552.30505,35,43,1,3,0,1,0,0,CHONS,UnsatHC,553.31232646688,0.64564099320726,7,1929134
552.34096,27,57,4,1,0,1,2,0,CHONSP,Lipid,553.34823646688,0.210656531213269,6,1922544
552.35305,34,53,1,1,0,0,2,0,CHONP,Lipid,553.36032646688,-0.159242135375255,6,1945307
552.36505,29,51,7,3,0,0,0,0,CHON,Lipid,553.37232646688,0.676832761853985,5,1967879
552.37708,28,61,3,1,0,1,2,0,CHONSP,Lipid,553.38435646688,0.69042920278993,6,1922418
552.38903,35,57,0,1,0,0,2,0,CHNP,Lipid,553.39630646688,0.573527535845253,6,1952222
552.40102,32,60,2,1,0,1,1,0,CHONSP,Lipid,553.40829646688,-0.106777365418888,3,1971913
552.41305,29,55,5,5,0,0,0,0,CHON,Lipid,553.42032646688,-0.0118623759697499,2,2020340
552.4251,29,51,0,11,0,0,0,0,CHN,Lipid,553.43237646688,0.929160348903579,2,2039840
552.43714,33,64,1,1,0,1,1,0,CHONSP,Lipid,553.44441646688,0.372963957846219,2,2083083
552.44942,30,59,4,5,0,0,0,0,CHON,Lipid,553.45669646688,0.0161555909415313,1,2248119
552.47308,21,59,0,15,0,1,0,0,CHNS,Other,553.48035646688,-0.90121532599291,1,1925709
552.48503,0,0,0,0,0,0,0,0,,None,553.49230646688,0,0,2012729
552.49708,30,63,2,7,0,0,0,0,CHON,Lipid,553.50435646688,-0.058109714052785,1,2119268
552.50913,0,0,0,0,0,0,0,0,,None,553.51640646688,0,0,2119888
552.52117,0,0,0,0,0,0,0,0,,None,553.52844646688,0,0,2065915
552.53318,31,67,1,7,0,0,0,0,CHON,Lipid,553.54045646688,0.457676249555493,1,2115110
552.54515,30,67,0,9,0,0,0,0,CHN,Lipid,553.55242646688,-0.873032718968331,1,2098450
552.55716,0,0,0,0,0,0,0,0,,None,553.56443646688,0,0,2193853
552.56921,0,0,0,0,0,0,0,0,,None,553.57648646688,0,0,2150121
552.58119,0,0,0,0,0,0,0,0,,None,553.58846646688,0,0,2168276
552.59324,0,0,0,0,0,0,0,0,,None,553.60051646688,0,0,2231808
552.60527,0,0,0,0,0,0,0,0,,None,553.61254646688,0,0,2187563
552.61723,0,0,0,0,0,0,0,0,,None,553.62450646688,0,0,2177366
552.6292,0,0,0,0,0,0,0,0,,None,553.63647646688,0,0,2261954
552.64125,0,0,0,0,0,0,0,0,,None,553.64852646688,0,0,2248621
552.65321,0,0,0,0,0,0,0,0,,None,553.66048646688,0,0,2220249
552.6652,0,0,0,0,0,0,0,0,,None,553.67247646688,0,0,2361860
552.67734,0,0,0,0,0,0,0,0,,None,553.68461646688,0,0,2440879
552.68938,0,0,0,0,0,0,0,0,,None,553.69665646688,0,0,2303707
552.70136,14,5,0,0,0,9,3,0,CHSP,ConHC,553.70863646688,0.739438746376469,1,2381190
552.71337,0,0,0,0,0,0,0,0,,None,553.72064646688,0,0,2375346
552.72534,0,0,0,0,0,0,0,0,,None,553.73261646688,0,0,2364573
552.73734,0,0,0,0,0,0,0,0,,None,553.74461646688,0,0,2442761
552.74939,0,0,0,0,0,0,0,0,,None,553.75666646688,0,0,2472052
552.76141,0,0,0,0,0,0,0,0,,None,553.76868646688,0,0,2475423
552.77343,16,11,0,0,0,10,1,0,CHSP,ConHC,553.78070646688,-0.293805432353596,1,2514443
552.78544,22,5,0,0,0,6,3,0,CHSP,ConHC,553.79271646688,0.211926983924459,2,2514998
552.79749,0,0,0,0,0,0,0,0,,None,553.80476646688,0,0,2635874
552.80953,14,6,8,2,0,7,0,0,CHONS,ConHC,553.81680646688,0.186962401451165,1,2544653
552.82151,14,10,2,4,0,9,0,0,CHONS,ConHC,553.82878646688,0.406857002750117,1,2660985
552.83362,15,6,13,0,0,5,0,0,CHOS,ConHC,553.84089646688,0.536729992130093,1,2645028
552.84559,14,6,12,2,0,5,0,0,CHONS,ConHC,553.85286646688,-0.793258835599957,3,2584528
552.85758,22,6,4,2,0,6,0,0,CHONS,ConHC,553.86485646688,0.585638385110957,4,2673531
552.86961,15,6,17,0,0,3,0,0,CHOS,Other,553.87688646688,-0.317089562993456,5,2738278
552.88165,23,6,9,0,0,4,0,0,CHOS,ConHC,553.88892646688,0.971466650375925,4,2715602
552.89367,22,6,8,2,0,4,0,0,CHONS,ConHC,553.90094646688,-0.448685061039352,6,2804413
552.9057,16,10,16,0,0,3,0,0,CHOS,Other,553.91297646688,0.216419771986006,8,2746793
552.91773,23,6,13,0,0,2,0,0,CHOS,ConHC,553.92500646688,-0.0447840043924251,5,2829716
552.92976,19,7,18,0,0,0,1,0,CHOP,ConHC,553.93703646688,-0.0659540299392542,11,2918144
552.94182,17,14,15,0,0,3,0,0,CHOS,Tannin,553.94909646688,0.695702949151479,10,2875499
552.95382,24,10,12,0,0,2,0,0,CHOS,ConHC,553.96109646688,0.488661246911579,16,2901207
552.96582,20,11,17,0,0,0,1,0,CHOP,ConHC,553.97309646688,0.521635295905806,11,2983234
552.97792,17,14,19,0,0,1,0,0,CHOS,Other,553.98519646688,-0.356521403872887,14,2993581
552.98995,24,10,16,0,0,0,0,0,CHO,ConHC,553.99722646688,-0.617678687926366,16,3009689
553.00195,32,10,8,0,0,1,0,0,CHOS,ConHC,554.00922646688,0.742805174471462,17,3012100
553.01397,18,18,18,0,0,1,0,0,CHOS,Tannin,554.02124646688,0.249085609958597,18,3069040
553.02602,25,14,15,0,0,0,0,0,CHO,ConHC,554.03329646688,-0.048166743978899,12,3128539
553.03806,35,11,4,2,0,0,1,0,CHONP,ConHC,554.04533646688,0.553916800516508,18,3154247
553.0501,40,10,4,0,0,0,0,0,CHO,ConHC,554.05737646688,0.96080756733266,21,3213874
553.06213,26,18,14,0,0,0,0,0,CHO,ConHC,554.06940646688,0.449077890149984,20,3183518
553.07419,27,25,7,0,0,0,3,0,CHOP,Lignin,554.08146646688,-0.277539837160107,20,3299081
553.08621,33,18,5,2,0,1,0,0,CHONS,ConHC,554.09348646688,0.281399842839206,20,3245557
553.09826,27,22,13,0,0,0,0,0,CHO,Lignin,554.10553646688,0.910163474125378,19,3364960
553.11032,26,22,12,2,0,0,0,0,CHON,Lignin,554.11759646688,-0.58161856258521,19,3325771
553.12232,36,27,0,0,0,2,1,0,CHSP,ConHC,554.12959646688,-0.753813155769055,18,3346615
553.13434,41,18,1,2,0,0,0,0,CHON,ConHC,554.14161646688,0.535501054766837,20,3424290
553.14637,27,26,11,2,0,0,0,0,CHON,Lignin,554.15364646688,0.023858401159613,18,3416206
553.15841,26,36,7,0,0,1,2,0,CHOSP,Lignin,554.16568646688,0.0194047020683992,16,3540985
553.17047,42,22,0,2,0,0,0,0,CHN,ConHC,554.17774646688,0.996520924135544,16,3530981
553.1825,28,30,10,2,0,0,0,0,CHON,Lignin,554.18977646688,0.484901619377907,15,3602640
553.19455,27,40,6,0,0,1,2,0,CHOSP,Lignin,554.20182646688,0.462394217712482,16,3562044
553.20653,34,36,3,0,0,0,2,0,CHOP,UnsatHC,554.21380646688,0.291539146293981,13,3670951
553.2186,31,39,5,0,0,1,1,0,CHOSP,Lignin,554.22587646688,-0.532101607938029,11,3757203
553.23069,38,35,2,0,0,0,1,0,CHOP,UnsatHC,554.23796646688,-0.901398334458919,13,3780606
553.24265,35,40,2,0,0,0,2,0,CHOP,UnsatHC,554.24992646688,0.77055728766428,13,3728874
553.25473,32,43,4,0,0,1,1,0,CHOSP,Lignin,554.26200646688,-0.0710822310012389,11,4074325
553.26683,39,39,1,0,0,0,1,0,CHOP,UnsatHC,554.27410646688,-0.458406548206242,12,3831745
553.27883,25,47,11,0,0,0,1,0,CHOP,Protein,554.28610646688,-0.915781712618168,13,3903788
553.29085,33,47,3,0,0,1,1,0,CHOSP,UnsatHC,554.29812646688,0.407917886151064,9,4043160
553.30289,40,43,0,0,0,0,1,0,CHP,UnsatHC,554.31016646688,0.128851001482833,7,3989763
553.3149,26,51,10,0,0,0,1,0,CHOP,Protein,554.32217646688,-0.346547166979473,11,4108655
553.32695,34,51,2,0,0,1,1,0,CHOSP,Lipid,554.33422646688,0.92293492913285,5,4178010
553.33902,31,54,4,0,0,2,0,0,CHOS,Lipid,554.34629646688,0.0994593457933119,6,4304582
553.35109,27,55,9,0,0,0,1,0,CHOP,Protein,554.35836646688,0.00614678217510703,8,4301233
553.36307,28,62,2,0,0,0,4,0,CHOP,Lipid,554.37034646688,-0.575774808350423,4,4173212
553.37527,32,58,3,0,0,2,0,0,CHOS,Lipid,554.38254646688,0.343880270431353,4,4587528
553.3871,39,54,0,0,0,1,0,0,CHS,UnsatHC,554.39437646688,0.443649016865326,5,4664180
553.39924,27,59,7,2,0,0,1,0,CHONP,Lipid,554.40651646688,-0.951824814826553,3,4656735
553.41131,32,58,7,0,0,0,0,0,CHO,Lipid,554.41858646688,-0.599277130998196,4,4706891
553.42336,32,62,1,2,0,2,0,0,CHONS,Lipid,554.43063646688,-0.505859816315824,3,4802998
553.43543,23,60,1,10,0,0,2,0,CHONP,Other,554.44270646688,-0.0484211978281742,1,4883106
553.44749,33,62,6,0,0,0,0,0,CHO,Lipid,554.45476646688,-0.228592281258083,2,4831373
553.45958,33,66,0,2,0,2,0,0,CHNS,Lipid,554.46685646688,-0.207330480681332,2,5073401
553.47164,32,58,0,8,0,0,0,0,CHN,Lipid,554.47891646688,-0.85226591283206,1,4929124
553.48367,34,66,5,0,0,0,0,0,CHO,Lipid,554.49094646688,0.142044195028485,2,4884944
553.49566,0,0,0,0,0,0,0,0,,None,554.50293646688,0,0,5318459
553.50786,0,0,0,0,0,0,0,0,,None,554.51513646688,0,0,5121703
553.51995,35,70,4,0,0,0,0,0,CHO,Lipid,554.52722646688,0.332298418040695,1,4273938
553.5312,34,70,3,2,0,0,0,0,CHON,Lipid,554.53847646688,0.302335775006806,1,5935358
553.54358,0,0,0,0,0,0,0,0,,None,554.55085646688,0,0,5874921
553.55574,0,0,0,0,0,0,0,0,,None,554.56301646688,0,0,5966677
553.56785,0,0,0,0,0,0,0,0,,None,554.57512646688,0,0,6038080
553.57992,0,0,0,0,0,0,0,0,,None,554.58719646688,0,0,6195500
553.59201,0,0,0,0,0,0,0,0,,None,554.59928646688,0,0,6235927
553.60405,0,0,0,0,0,0,0,0,,None,554.61132646688,0,0,6281987
553.61612,0,0,0,0,0,0,0,0,,None,554.62339646688,0,0,6541806
553.6282,0,0,0,0,0,0,0,0,,None,554.63547646688,0,0,6640858
553.64026,0,0,0,0,0,0,0,0,,None,554.64753646688,0,0,6729413
553.65231,0,0,0,0,0,0,0,0,,None,554.65958646688,0,0,6883761
553.66439,0,0,0,0,0,0,0,0,,None,554.67166646688,0,0,7046044
553.67643,0,0,0,0,0,0,0,0,,None,554.68370646688,0,0,7192456
553.68849,0,0,0,0,0,0,0,0,,None,554.69576646688,0,0,7391347
553.70056,0,0,0,0,0,0,0,0,,None,554.70783646688,0,0,7576415
553.71267,0,0,0,0,0,0,0,0,,None,554.71994646688,0,0,7810378
553.72472,0,0,0,0,0,0,0,0,,None,554.73199646688,0,0,7812406
553.73676,0,0,0,0,0,0,0,0,,None,554.74403646688,0,0,8049953
553.74881,0,0,0,0,0,0,0,0,,None,554.75608646688,0,0,8244237
553.76088,10,5,10,1,0,8,0,0,CHONS,Other,554.76815646688,-0.442635679710234,1,8508920
554.26202,38,38,1,1,0,0,1,0,CHONP,UnsatHC,555.26929646688,-0.351378657515238,9,1154000512
554.76366,0,0,0,0,0,0,0,0,,None,555.77093646688,0,0,12008280
555.10228,41,16,3,0,0,0,0,0,CHO,ConHC,556.10955646688,0.69754784046732,21,13998883
555.26523,37,38,1,1,1,0,1,0,CHONP,UnsatHC,556.27250646688,-0.0903729365729864,9,345616416
556.2688,28,48,4,1,0,2,1,0,CHONSP,Lipid,557.27607646688,0.287931829073964,8,66153856
557.27065,28,47,7,0,0,1,1,0,CHOSP,Lipid,558.27792646688,0.151531192544375,13,9256586
557.47861,33,66,6,0,0,0,0,0,CHO,Lipid,558.48588646688,0.095587590185703,2,2372788
558.27433,27,47,7,0,1,1,1,0,CHOSP,Lipid,559.28160646688,-0.430133366075603,10,1672923
561.48569,32,62,2,6,0,0,0,0,CHON,Lipid,562.49296646688,0.815652367936996,1,6145186
562.49316,30,61,1,9,0,0,0,0,CHON,Lipid,563.50043646688,-0.938490630598099,1,2416298
563.5042,36,68,4,0,0,0,0,0,CHO,Lipid,564.51147646688,0.50345180205839,1,7812342
564.50885,0,0,0,0,0,0,0,0,,None,565.51612646688,0,0,3568287
565.52033,36,70,4,0,0,0,0,0,CHO,Lipid,566.52760646688,-0.34549327799808,1,17285324
566.52395,35,70,4,0,1,0,0,0,CHO,Lipid,567.53122646688,-0.812102767979637,1,7385745
567.53618,36,72,4,0,0,0,0,0,CHO,Lipid,568.54345646688,-0.695931463843587,1,97694680
568.53887,0,0,0,0,0,0,0,0,,None,569.54614646688,0,0,38060032
569.54288,36,75,2,0,0,0,1,0,CHOP,Lipid,570.55015646688,0.54630573062016,0,7620086
571.32905,34,52,3,0,0,2,0,0,CHOS,Lipid,572.33632646688,-0.942717341323087,9,2981259
573.34355,33,50,8,0,0,0,0,0,CHO,Lipid,574.35082646688,-0.449002714278769,7,26041548
574.34779,43,45,0,1,0,0,0,0,CHN,UnsatHC,575.35506646688,0.232869801271837,9,8963524
575.34799,37,53,1,0,0,1,1,0,CHOSP,UnsatHC,576.35526646688,0.359251545333458,5,2132312
576.12716,37,23,4,1,0,1,0,0,CHONS,ConHC,577.13443646688,0.593371316097667,22,966711
576.24525,29,39,11,1,0,0,0,0,CHON,Lignin,577.25252646688,-0.373089194255264,13,5474502
577.13578,41,23,2,0,0,0,1,0,CHOP,ConHC,578.14305646688,0.882178925064778,20,12039620
577.24721,30,42,9,0,0,1,0,0,CHOS,Lignin,578.25448646688,0.807897268434688,11,1332134
578.13889,40,23,2,0,1,0,1,0,CHOP,ConHC,579.14616646688,1.30340743648366,18,4059263
579.4839,27,65,3,8,0,0,1,0,CHONP,Lipid,580.49117646688,0.944092765538674,2,1172766
580.27736,40,40,1,1,0,0,1,0,CHONP,UnsatHC,581.28463646688,0.197759260833591,13,2813644
583.38573,32,56,9,0,0,0,0,0,CHO,Lipid,584.39300646688,-0.980624979376744,6,928362
585.32157,29,50,8,2,0,1,0,0,CHONS,Lipid,586.32884646688,-0.100941102026861,7,1120354
585.50986,35,70,6,0,0,0,0,0,CHO,Lipid,586.51713646688,0.176487119755216,2,11547786
585.52902,0,0,0,0,0,0,0,0,,None,586.53629646688,0,0,2638070
586.51484,0,0,0,0,0,0,0,0,,None,587.52211646688,0,0,4263814
586.54772,26,65,0,15,0,0,0,0,CHN,Other,587.55499646688,-0.441324440296369,1,1148285
587.41577,36,62,2,0,0,0,2,0,CHOP,Lipid,588.42304646688,-0.921467102886896,4,2503243
587.51636,30,68,1,8,0,1,0,0,CHONS,Lipid,588.52363646688,0.0731824814680391,1,963970
588.42089,42,55,1,1,0,0,0,0,CHON,UnsatHC,589.42816646688,0.337489674650813,6,1243282
589.5208,31,70,2,6,0,1,0,0,CHONS,Lipid,590.52807646688,0.0334370554456405,1,1525422
590.22969,22,41,17,1,0,0,0,0,CHON,Carb,591.23696646688,0.815967450360699,15,977368
590.51605,30,69,2,7,0,1,0,0,CHONS,Lipid,591.52332646688,0.0316447708866181,1,947515
592.56771,0,0,0,0,0,0,0,0,,None,593.57498646688,0,0,4897564
593.5705,0,0,0,0,0,0,0,0,,None,594.57777646688,0,0,2495258
594.29509,27,49,11,1,0,1,0,0,CHONS,Protein,595.30236646688,0.446234275436274,14,900598
595.56576,0,0,0,0,0,0,0,0,,None,596.57303646688,0,0,2008645
596.57011,0,0,0,0,0,0,0,0,,None,597.57738646688,0,0,1114710
597.34953,28,54,13,0,0,0,0,0,CHO,Protein,598.35680646688,-0.609412604662052,11,5967068
598.2876,40,42,2,1,0,0,1,0,CHONP,UnsatHC,599.29487646688,0.733596660548947,11,11176221
598.35226,32,58,3,1,0,2,1,0,CHONSP,Lipid,599.35953646688,0.0603250934333171,6,2086204
599.28964,30,48,10,0,0,1,0,0,CHOS,Protein,600.29691646688,-0.163277666714881,15,4082317
599.52569,36,72,6,0,0,0,0,0,CHO,Lipid,600.53296646688,-0.12725875896712,2,867457
605.42752,32,62,10,0,0,0,0,0,CHO,Protein,606.43479646688,-0.821614595295546,6,988141
608.30803,31,47,11,1,0,0,0,0,CHON,Protein,609.31530646688,-0.648448965179004,12,840565
611.28363,38,44,5,0,0,1,0,0,CHOS,Lignin,612.29090646688,0.0632804108083795,13,6858954
611.52623,32,69,1,8,0,0,1,0,CHONP,Lipid,612.53350646688,-0.507855124181744,1,1396251
612.28807,37,44,5,1,0,0,1,0,CHONP,Lignin,613.29534646688,0.592815879471043,14,2258458
613.54171,32,71,1,8,0,0,1,0,CHONP,Lipid,614.54898646688,-0.229459462106114,1,25918594
614.54485,31,71,1,8,1,0,1,0,CHONP,Lipid,615.55212646688,0.119930899265789,1,10562076
615.17653,38,33,4,0,0,1,1,0,CHOSP,UnsatHC,616.18380646688,-0.145604572737786,27,10184274
615.44965,35,70,2,0,0,1,2,0,CHOSP,Lipid,616.45692646688,0.403490186213609,7,2526672
615.55033,0,0,0,0,0,0,0,0,,None,616.55760646688,0,0,2330696
616.17973,37,33,4,0,1,1,1,0,CHOSP,UnsatHC,617.18700646688,0.105508734681098,20,3181707
616.45102,38,60,0,5,0,0,1,0,CHNP,Lipid,617.45829646688,0.545777944993416,4,838616
617.17387,37,31,7,0,0,0,1,0,CHOP,Lignin,618.18114646688,-0.657747461550829,25,4778207
618.17862,24,33,16,3,0,0,0,0,CHON,Tannin,619.18589646688,0.2996864448519,27,1551259
620.59883,40,79,3,1,0,0,0,0,CHON,Lipid,621.60610646688,-0.178665361749237,1,4773037
621.6033,0,0,0,0,0,0,0,0,,None,622.61057646688,0,0,2100108
625.38052,30,58,13,0,0,0,0,0,CHO,Protein,626.38779646688,-0.0870351885521004,13,6255425
625.43406,36,68,2,0,0,1,2,0,CHOSP,Lipid,626.44133646688,0.301177634701688,9,3065221
626.38332,29,58,13,0,1,0,0,0,CHO,Protein,627.39059646688,0.79746177714659,7,2052218
626.43635,45,57,1,1,0,0,0,0,CHON,UnsatHC,627.44362646688,0.619960270200687,8,973607
627.44696,39,66,2,0,0,0,2,0,CHOP,Lipid,628.45423646688,-0.687534676221333,7,886028
627.55741,33,73,1,8,0,0,1,0,CHONP,Lipid,628.56468646688,-0.303787158252352,0,729590
633.4588,34,66,10,0,0,0,0,0,CHO,Lipid,634.46607646688,-0.753589983288635,6,751864
639.55653,0,0,0,0,0,0,0,0,,None,640.56380646688,0,0,1988593
641.40127,35,63,6,0,0,1,1,0,CHOSP,Lipid,642.40854646688,-0.388400778961969,12,1962604
641.42347,30,62,12,2,0,0,0,0,CHON,Protein,642.43074646688,-0.733154635654197,9,1390696
641.57142,36,70,0,10,0,0,0,0,CHN,Lipid,642.57869646688,-0.317732101999808,1,15990283
642.40404,34,63,6,0,1,1,1,0,CHOSP,Lipid,643.41131646688,0.521168669991403,8,931968
642.42624,29,62,12,2,1,0,0,0,CHON,Protein,643.43351646688,0.176920718532237,8,664555
642.57423,35,70,0,10,1,0,0,0,CHN,Lipid,643.58150646688,0.529334538913045,2,7189330
643.44194,39,66,3,0,0,0,2,0,CHOP,Lipid,644.44921646688,-0.77191804610586,8,1068179
643.5797,27,68,0,18,0,0,0,0,CHN,Other,644.58697646688,0.710236999482526,1,1635325
645.45374,43,66,0,0,0,2,0,0,CHS,Lipid,646.46101646688,-0.654282731965652,9,679325
652.23029,23,43,20,1,0,0,0,0,CHON,Carb,653.23756646688,0.423062962508787,23,2371156
653.46368,37,66,9,0,0,0,0,0,CHO,Lipid,654.47095646688,-0.416747874241258,6,2676019
654.46423,42,61,3,3,0,0,0,0,CHON,UnsatHC,655.47150646688,-0.325913297271931,7,1305087
655.47816,41,70,2,0,0,0,2,0,CHOP,Lipid,656.48543646688,-0.505655817499837,7,1085283
657.38707,45,55,2,0,0,0,1,0,CHOP,UnsatHC,658.39434646688,-0.575562627389603,13,1938385
658.38781,37,58,7,1,0,0,1,0,CHONP,Lipid,659.39508646688,0.00495123522535105,12,753647
665.45097,44,62,1,2,0,1,0,0,CHONS,UnsatHC,666.45824646688,0.0582869523963249,9,715764
669.43634,44,64,1,0,0,0,2,0,CHOP,UnsatHC,670.44361646688,-0.561971761219094,10,3430093
669.4607,36,67,7,2,0,0,1,0,CHONP,Lipid,670.46797646688,0.913628900447482,11,2337623
670.44166,50,57,0,1,0,0,0,0,CHN,UnsatHC,671.44893646688,0.244796009361123,13,1386244
670.46721,44,67,0,1,0,0,2,0,CHNP,Lipid,671.47448646688,0.5773994809344,10,940670
671.47992,43,64,4,2,0,0,0,0,CHON,UnsatHC,672.48719646688,-0.874237729809133,7,704488
674.21163,42,33,4,3,0,1,0,0,CHONS,ConHC,675.21890646688,0.401035008745654,31,704778
685.41772,47,59,2,0,0,0,1,0,CHOP,UnsatHC,686.42499646688,0.395063148044254,12,1398997
689.48198,41,70,6,0,0,1,0,0,CHOS,Lipid,690.48925646688,0.0784990055562322,6,716526
697.47184,39,70,8,0,0,1,0,0,CHOS,Lipid,698.47911646688,0.0335685339779972,11,1159594
719.39407,50,58,0,0,0,0,2,0,CHP,UnsatHC,720.40134646688,0.0394431799414672,23,701928
719.4558,41,68,8,0,0,1,0,0,CHOS,Lipid,720.46307646688,0.573773637579071,13,1194908
747.49423,57,64,0,0,0,0,0,0,CH,UnsatHC,748.50150646688,-0.941096943565862,15,882589
755.28188,41,44,12,2,0,0,0,0,CHON,Lignin,756.28915646688,0.354918641560722,38,708393
761.44441,37,66,14,2,0,0,0,0,CHON,Protein,762.45168646688,-0.369372230279947,18,807533
771.25104,38,44,17,0,0,0,0,0,CHO,Lignin,772.25831646688,-0.604045006659259,50,1014089
783.3078,37,52,18,0,0,0,0,0,CHO,Lignin,784.31507646688,0.367709519602385,44,728328
799.28747,0,0,0,0,0,0,0,0,,None,800.29474646688,0,-1,813944
832.48718,0,0,0,0,0,0,0,0,,None,833.49445646688,0,-1,1030859
833.69922,0,0,0,0,0,0,0,0,,None,834.70649646688,0,-1,684916
844.33997,0,0,0,0,0,0,0,0,,None,845.34724646688,0,-1,4496057
845.34347,0,0,0,0,0,0,0,0,,None,846.35074646688,0,-1,2378296
845.74491,0,0,0,0,0,0,0,0,,None,846.75218646688,0,-1,770414
846.34788,0,0,0,0,0,0,0,0,,None,847.35515646688,0,-1,855116
848.45096,0,0,0,0,0,0,0,0,,None,849.45823646688,0,-1,651846
860.50745,0,0,0,0,0,0,0,0,,None,861.51472646688,0,-1,1011886
861.5088,0,0,0,0,0,0,0,0,,None,862.51607646688,0,-1,670842
861.71717,0,0,0,0,0,0,0,0,,None,862.72444646688,0,-1,935351
865.19509,0,0,0,0,0,0,0,0,,None,866.20236646688,0,-1,897970
896.37823,0,0,0,0,0,0,0,0,,None,897.38550646688,0,-1,1150601
897.38085,0,0,0,0,0,0,0,0,,None,898.38812646688,0,-1,767520
