"Sample","14","15","16","29","30","31","8","9","10","23","24","25","38","39","40","17","18","19","26","27","28","20","21","22","35","36","37","32","33","34","10713-1","10713-2","10713-3","13514-1","13514-2","13514-3","53211-1","53211-2","53211-3"
"Label","CAN","CAN","CAN","CS","CS","CS","LAB","LAB","LAB","PN","PN","PN","REG","REG","REG","RIP","RIP","RIP","RL","RL","RL","ROT","ROT","ROT","RU","RU","RU","TRI","TRI","TRI","CFN","CFN","CFN","CHT","CHT","CHT","SB","SB","SB"
99.20475000000002,223229.0,256239.0,,,,,255851.0,,,719730.0,820178.0,535820.0,861252.0,733157.0,626267.0,154240.0,220834.0,,,525282.0,413223.0,,,,937656.0,646372.0,499978.0,445540.0,408345.0,326200.0,,,,,,,,,
99.20620466666668,289877.0,401200.0,281404.0,562478.0,642122.0,344005.0,239609.0,321918.0,444545.0,615577.0,631065.0,,,,,,249620.0,,616237.0,611422.0,571631.0,,,,,,,,,,,,,,,,,,
101.359224,,,,,114968.0,,,,,145300.0,,164812.0,238258.0,270985.0,280346.0,145243.0,,,110613.0,,135342.0,,,,339510.0,186017.0,353130.0,239396.0,365049.0,553179.0,,,,,,,,,
102.12435923076924,,,,251626.0,,,,,,628804.0,524773.0,366943.0,1595258.0,1047708.0,1380068.0,,,,,,,,,,640255.0,1035697.0,1022829.0,1167445.0,929826.0,930550.0,,,,,,,,,
103.08287875,,,,255846.0,356941.0,769669.0,,,,,,,258711.0,267929.0,205573.0,111007.0,,,205214.0,181171.0,315708.0,,,,1925005.0,568866.0,296606.0,426562.0,383980.0,862118.0,,,,,,,,,
104.997676,201716.0,204990.0,269576.0,564366.0,214086.0,528932.0,126711.0,,205699.0,603009.0,770453.0,,,,,,124959.0,,306029.0,499670.0,203319.0,150866.0,,,,,,,,,,,,,,,,,
108.86355615384613,,,,,,,,,,452451.0,439661.0,475243.0,605234.0,624148.0,657322.0,,,,,,,,158507.0,,951236.0,658823.0,1172165.0,385231.0,582343.0,1057706.0,,,,,,,,,
108.86367399999999,138354.0,203522.0,132846.0,291049.0,206432.0,332939.0,219454.0,242046.0,294690.0,,,,,,,273519.0,,108889.0,291971.0,252579.0,378853.0,,,139274.0,,,,,,,,,,,,,,,
111.26204384615383,,119963.0,,,,,,,,670793.0,1031498.0,895808.0,810582.0,779110.0,467016.0,,,,,,,,,,1307180.0,824390.0,594479.0,601445.0,693205.0,644610.0,,,,,,,,,
112.33660307692308,,,,,,,,,137211.0,222896.0,201352.0,118995.0,1529974.0,1039845.0,1419641.0,,,,,,,,,,736252.0,1118636.0,1134649.0,1127670.0,894127.0,1035632.0,,,,,,,,,
112.78209529411768,179719.0,,,,183983.0,,249235.0,,365184.0,,199046.0,,586897.0,988997.0,886061.0,,,187420.0,340795.0,,204238.0,,,,772703.0,1281234.0,517705.0,1515216.0,1548147.0,393182.0,,,,,,,,,
113.59870153846154,166574.0,280076.0,195139.0,481286.0,,527799.0,,147482.0,251289.0,,,,,,,,,179153.0,,453821.0,172625.0,187096.0,102683.0,115890.0,,,,,,,,,,,,,,,
113.60059076923076,127739.0,259345.0,,472112.0,,500959.0,209725.0,,260262.0,142521.0,,,,,,,141148.0,177701.0,231395.0,465803.0,240607.0,149303.0,,,,,,,,,,,,,,,,,
113.73489176470588,112576.0,184903.0,119435.0,,,,,,150826.0,349648.0,320356.0,184372.0,2233510.0,1559547.0,2186154.0,,,,355558.0,,,,,,1178050.0,1541017.0,1598441.0,1815968.0,1368677.0,1574924.0,,,,,,,,,
120.10751608695655,178652.0,,229223.0,487675.0,166556.0,476166.0,,104095.0,,486858.0,648213.0,558893.0,818692.0,1401276.0,1062807.0,103666.0,,113796.0,240754.0,446398.0,280799.0,,,,947808.0,1483315.0,582061.0,2215780.0,1916730.0,397132.0,,,,,,,,,
120.10969187499997,,270375.0,207363.0,,,,,135960.0,,621051.0,902902.0,826954.0,1083905.0,2006144.0,1489490.0,,,,,,,,117655.0,,1187329.0,2153706.0,812227.0,2996672.0,2573967.0,513447.0,,,,,,,,,
121.10527111111111,,115421.0,,147300.0,103171.0,238816.0,,,,141676.0,,186750.0,271745.0,297971.0,142451.0,,,,271462.0,164788.0,142480.0,,,,138028.0,149490.0,187636.0,159618.0,192537.0,220082.0,,,,,,,,,
123.07901846153848,140938.0,,,,,,,,,941091.0,785818.0,534861.0,2561453.0,1777846.0,2303873.0,,,,,,,,,,1134276.0,1767032.0,1504458.0,2269901.0,1630859.0,1595032.0,,,,,,,,,
125.27000307692303,,,,,,,,,,199026.0,385186.0,481043.0,645769.0,749344.0,372503.0,,,,187090.0,,,,,,665941.0,522469.0,804653.0,443201.0,678410.0,1045149.0,,,,,,,,,
131.12604437500002,139989.0,182771.0,,,,,,,,,,,544731.0,571544.0,542290.0,196328.0,143214.0,,,280701.0,306021.0,151563.0,109043.0,,850818.0,611449.0,1009298.0,,571914.0,973799.0,,,,,,,,,
137.44270466666666,,117982.0,157862.0,,,,,,,237529.0,480157.0,445344.0,199723.0,290189.0,183422.0,,,,219469.0,,,,,,1749678.0,633424.0,324020.0,428859.0,327010.0,809523.0,,,,,,,,,
148.80408500000004,154142.0,199386.0,,455865.0,479293.0,,237035.0,,203871.0,778463.0,834824.0,623217.0,793126.0,,594563.0,,,,,485441.0,353245.0,,,,966545.0,660614.0,426916.0,,424021.0,319768.0,,,,,,,,,
148.80723833333332,883888.0,1216060.0,977750.0,2696716.0,2636924.0,1568618.0,1109475.0,1071225.0,1353876.0,4549319.0,5011228.0,3621270.0,5091929.0,4060223.0,3649175.0,650596.0,1052437.0,471962.0,2032906.0,2803000.0,2005897.0,313082.0,262131.0,318333.0,5581121.0,4067957.0,2992563.0,2726684.0,2249184.0,2057726.0,,,,,,,,,
148.81023652173914,749413.0,942472.0,833916.0,1924984.0,2067038.0,1367106.0,849196.0,772174.0,871013.0,2587227.0,2740240.0,2126284.0,,,,491413.0,532093.0,253262.0,2080048.0,1919246.0,1671941.0,183464.0,227456.0,246168.0,3721961.0,1978691.0,,,,,,,,,,,,,
148.81359214285712,,,,468446.0,,262494.0,253515.0,,,510303.0,542797.0,415897.0,538923.0,556732.0,485356.0,,,,,,,,,,657550.0,482286.0,392911.0,307667.0,276170.0,,,,,,,,,,
148.975168,102450.0,177203.0,118336.0,110284.0,,,577786.0,180308.0,194330.0,,,,297030.0,249757.0,355903.0,,,,,,,,,128155.0,,210279.0,248500.0,215759.0,,235552.0,,,,,,,,,
149.05805039999998,,285588.0,241585.0,592484.0,658095.0,392084.0,319750.0,269235.0,357220.0,1177995.0,1243698.0,839773.0,1424537.0,1130643.0,1021337.0,,274261.0,132154.0,542973.0,750143.0,519037.0,,,,1486670.0,1078790.0,766724.0,701454.0,592648.0,594377.0,,,,,,,,,
152.14943142857143,,,,,,183098.0,,,99437.0,,202179.0,,198986.0,328937.0,327663.0,,102001.0,,130076.0,,,,,,514533.0,220359.0,462665.0,138227.0,218551.0,394024.0,,,,,,,,,
156.0736053846154,,,,99955.0,,,,,,309357.0,,128059.0,409721.0,491853.0,432538.0,,,,127132.0,,,,,,226429.0,252145.0,220998.0,296763.0,263556.0,413548.0,,,,,,,,,
162.99076103448272,399075.0,555430.0,275830.0,574260.0,676954.0,484362.0,1661477.0,649043.0,596291.0,443059.0,309007.0,248902.0,1386109.0,1169592.0,2029761.0,303033.0,364012.0,,597221.0,665189.0,700799.0,231532.0,246114.0,280984.0,1074975.0,1178865.0,1487614.0,1083967.0,1024277.0,1194343.0,,,,,,,,,
163.60987421052633,102110.0,138848.0,,,626885.0,,191688.0,121298.0,,167283.0,197421.0,,562481.0,339686.0,376260.0,,,,330369.0,522847.0,475034.0,,,,483440.0,450093.0,450203.0,674820.0,426254.0,567376.0,,,,,,,,,
169.1701535,254952.0,548806.0,273349.0,962240.0,312374.0,1087835.0,440552.0,398048.0,842099.0,370223.0,458941.0,,,,,176024.0,304984.0,351812.0,451099.0,1057075.0,392201.0,374107.0,271354.0,141683.0,,,,,,,,,,,,,,,
169.17441499999998,424455.0,793325.0,549908.0,1536886.0,467710.0,1677921.0,576346.0,477809.0,929013.0,454283.0,536330.0,556767.0,,,,313382.0,502866.0,527325.0,784748.0,1697367.0,651369.0,614201.0,433744.0,203774.0,,,,4324768.0,,,,,,,,,,,
169.17879538461537,,,,,,,102129.0,98821.0,,,,,266731.0,433405.0,364451.0,,,103117.0,,308743.0,,,,,351735.0,579909.0,256560.0,647910.0,699363.0,,,105224.0,,,,,,,
169.6719742857143,,217769.0,,,,,,121507.0,,168586.0,,169834.0,,853747.0,715603.0,,,126539.0,139909.0,,,,,,554531.0,1044936.0,372359.0,1183093.0,1256738.0,317612.0,,,,,,,,,
169.7952376923077,,,,164462.0,146240.0,,153504.0,,,460555.0,359267.0,275280.0,277810.0,245463.0,,,,,,137808.0,,,,,254619.0,217116.0,154206.0,,,142506.0,,,,,,,,,
170.59923076923076,,,223730.0,1012807.0,1454618.0,556280.0,514906.0,415419.0,464328.0,1004781.0,,457907.0,,,,170543.0,,,577264.0,1643714.0,986184.0,,,,,,,,,,,,,,,,,,
170.60358518518518,202651.0,324945.0,,771447.0,1131510.0,427016.0,389832.0,279126.0,323470.0,672933.0,587981.0,251851.0,4573221.0,,4152568.0,140554.0,278417.0,,439382.0,1302840.0,688527.0,110218.0,132540.0,138683.0,2210122.0,3482382.0,3642582.0,3171228.0,2666133.0,2860633.0,,,,,,,,,
170.60810117647057,,,,197087.0,276417.0,138069.0,144996.0,,,,116068.0,,954741.0,725082.0,1067272.0,,,,130438.0,314426.0,170063.0,,,,351819.0,765766.0,814864.0,672838.0,496228.0,586165.0,,,,,,,,,
174.99073153846152,,,,,,,200971.0,118097.0,,645124.0,314440.0,390031.0,193382.0,655035.0,454253.0,,,,,220590.0,250678.0,,,,,,584030.0,272134.0,,362212.0,,,,,,,,,
180.1571276923077,,,186124.0,387991.0,153684.0,,,,,333103.0,,472505.0,606257.0,1129170.0,832855.0,,,,,,,,,,736616.0,1202675.0,,1795447.0,1534219.0,304775.0,,,,,,,,,
180.1613136666667,972932.0,1113184.0,1144395.0,2997245.0,1053861.0,2901698.0,609381.0,493999.0,1027709.0,3402234.0,4597976.0,4239901.0,5428191.0,9744686.0,7237965.0,454433.0,455023.0,431716.0,1385984.0,2357906.0,1356099.0,669164.0,393838.0,388744.0,6254401.0,10113993.0,3757093.0,14979347.0,12831127.0,2557994.0,,,,,,,,,
180.16371333333336,,132614.0,,244401.0,,,,,,296905.0,382820.0,330940.0,470043.0,690599.0,566885.0,,,,,190722.0,,,,,507497.0,693929.0,319501.0,1197443.0,1016023.0,198140.0,,,,,,,,,
180.16585111111112,233171.0,283532.0,,670166.0,268842.0,657097.0,,,,617616.0,805272.0,,1303627.0,,1823261.0,,,,325525.0,,339575.0,,119490.0,,1383131.0,2152629.0,755891.0,3493239.0,2994167.0,586909.0,,,,,,,,,
180.6630011764706,,,,566480.0,151882.0,506257.0,97315.0,,,530368.0,769572.0,731073.0,1092025.0,1878056.0,1431667.0,,,,,390252.0,,,99596.0,,1072854.0,1846450.0,,2844402.0,2503481.0,490221.0,,,,,,,,,
181.00127105263158,848895.0,1046290.0,668451.0,,,,4048277.0,1617241.0,1374145.0,,,,275407.0,,278197.0,703492.0,893171.0,393833.0,,385503.0,,472744.0,689209.0,656201.0,,304147.0,369616.0,330979.0,,320924.0,,,,,,,,,
184.61477000000002,,498171.0,235395.0,729462.0,1088433.0,,571179.0,578485.0,489813.0,1955500.0,1537140.0,,,,,,329115.0,,,1349769.0,782572.0,,175572.0,,1674666.0,,,3609970.0,2718775.0,2438276.0,,,,,,,,,
184.61988733333328,277380.0,383436.0,271173.0,724098.0,982089.0,357144.0,470505.0,384586.0,352271.0,,1639292.0,1029072.0,,,,,,,,1220129.0,614621.0,,,119759.0,,,,3575730.0,,,,,,,,,,,
184.6200014285714,,,,,,,,,,1985204.0,,,4791244.0,3159300.0,4236094.0,161134.0,336669.0,,386255.0,,,140908.0,196053.0,,1887214.0,3471859.0,3494647.0,,2856799.0,2728197.0,,,,,,,,,
185.11682217391305,128211.0,171377.0,97695.0,233224.0,409993.0,214541.0,181686.0,121872.0,,675630.0,536824.0,399351.0,1601926.0,1066738.0,1552665.0,,,,196279.0,334964.0,210616.0,,,,733602.0,919126.0,799907.0,1426881.0,1013571.0,1070842.0,,,,,,,,,
185.43017611111114,,,,368873.0,212226.0,400411.0,,102094.0,,1001053.0,1629852.0,1622278.0,1156420.0,,,123614.0,,,447291.0,385378.0,298446.0,,,,2091679.0,1284927.0,986385.0,866503.0,1012821.0,913184.0,,,,,,,,,
189.04270466666668,104835.0,,,226261.0,231821.0,,,,,366779.0,278712.0,,395493.0,420186.0,,,99532.0,,,,187405.0,,,108756.0,257165.0,,412046.0,276597.0,265536.0,322219.0,,,,,,,,,
190.64822714285714,,,,370507.0,171289.0,173058.0,,,471217.0,588048.0,784866.0,1129611.0,763724.0,371268.0,354290.0,,130412.0,,998292.0,442650.0,617971.0,194108.0,,118037.0,441062.0,410394.0,,379421.0,604408.0,404236.0,,,,,,,,,
192.17395133333338,,,,152816.0,105168.0,213105.0,221235.0,135688.0,172361.0,130757.0,,263951.0,,,496195.0,255269.0,105887.0,,176574.0,128019.0,323282.0,,,,,,,,,368255.0,,,,,,,,,
195.18491307692304,,200187.0,,103859.0,,201081.0,136504.0,146447.0,,,,,365807.0,286189.0,277025.0,,,,256769.0,,,,,,452341.0,288697.0,561469.0,,,602585.0,,,,,,,,,
202.7158014285714,,,,,177012.0,319922.0,182626.0,,,,501522.0,489400.0,785226.0,682407.0,915741.0,,,,,,,,,,1188362.0,619805.0,925660.0,680874.0,1158603.0,1780839.0,,,,,,,,,
204.153666,142995.0,864732.0,608159.0,1117472.0,1124291.0,1416737.0,,,,1992069.0,1190330.0,2095004.0,6457982.0,6794706.0,3043433.0,217141.0,,118596.0,1814134.0,1392194.0,1109561.0,444262.0,,287942.0,3229822.0,4346533.0,2889789.0,4877006.0,4808299.0,3803295.0,,,,,,,,,
204.65530941176468,,150686.0,,132133.0,191884.0,234593.0,,,,399135.0,,522318.0,1357989.0,1351983.0,596514.0,,,,,296664.0,231998.0,,,,662973.0,929661.0,607629.0,951525.0,946246.0,713188.0,,,,,,,,,
206.1661869230769,152475.0,,,731179.0,952263.0,1920346.0,579446.0,,,,1133185.0,993234.0,,,,,,216309.0,435572.0,332407.0,601785.0,132022.0,172603.0,,,,,,,,,,,,,,,,
206.18958437499995,220954.0,283464.0,,,,,359236.0,,,554928.0,583559.0,743353.0,491619.0,818801.0,,400505.0,163059.0,,464248.0,,502407.0,234441.0,278131.0,,,538683.0,,325648.0,,,,,,,,,,,
206.18968785714284,,,190580.0,435895.0,277562.0,629089.0,,404874.0,503038.0,,,,,,998027.0,,,131301.0,,420245.0,,,,,917900.0,,1142313.0,,535593.0,913567.0,,99138.0,,,,,,,
206.66172500000002,,133961.0,,229187.0,231651.0,405066.0,,,,255403.0,475101.0,371475.0,232717.0,174934.0,,,,,,169490.0,163218.0,,,,1337027.0,548447.0,303502.0,,255057.0,741052.0,,,,,,,,,
209.15283666666664,166056.0,,159805.0,490880.0,409757.0,716040.0,,330187.0,,159857.0,,278965.0,,,,219571.0,254278.0,,741752.0,546643.0,542203.0,220403.0,185636.0,,815244.0,,,852830.0,,745138.0,,,,,,,,,
209.2005057142857,371355.0,663097.0,,769416.0,517201.0,1104561.0,714280.0,646256.0,728401.0,735793.0,875792.0,1121442.0,2095581.0,2088538.0,2172149.0,506219.0,,374576.0,1199317.0,815193.0,1008386.0,452686.0,394685.0,290758.0,1962144.0,1308770.0,2853804.0,552956.0,1015522.0,1866927.0,,,,,,,,,
211.15293333333335,,,,,,280775.0,,,,470685.0,379490.0,260879.0,999486.0,1506416.0,2447518.0,,119169.0,,,307981.0,,,,111527.0,749318.0,1691387.0,,2437411.0,1865162.0,540249.0,,,,,,,,,
214.0888842307693,200984.0,374990.0,245974.0,604908.0,648756.0,807348.0,721352.0,515389.0,,333118.0,,271866.0,848832.0,807738.0,,323424.0,267586.0,171235.0,933871.0,805148.0,785042.0,146656.0,167660.0,,1373976.0,973523.0,1014049.0,945146.0,969134.0,913326.0,,,,,,,,,
214.91689,,,107350.0,512221.0,818284.0,337060.0,349489.0,,163415.0,3405279.0,1405158.0,736858.0,1283823.0,978458.0,2242069.0,,,,365068.0,594826.0,761136.0,,,,828520.0,1121730.0,1290579.0,1138705.0,912096.0,1034304.0,,,,,,,,,
217.07402266666665,,,,,264407.0,,394869.0,,,2850254.0,1498084.0,1023387.0,1932394.0,1865457.0,3108365.0,,,,,197215.0,,,,,1033068.0,1305241.0,1651109.0,994451.0,1208032.0,1451505.0,,,,,,,,,
217.10394428571425,,,,,292049.0,,,,,424540.0,,228058.0,294059.0,,,,,,160336.0,658120.0,,196457.0,,,767944.0,396474.0,638214.0,248946.0,434155.0,356782.0,,,102594.0,,,,,,
218.98051849999996,,,,348012.0,,462379.0,359067.0,325250.0,289479.0,182764.0,,333999.0,713084.0,695168.0,1072102.0,197411.0,197613.0,,351828.0,,,118404.0,,,624489.0,399521.0,917938.0,342409.0,589694.0,1361629.0,,,,,,,,,
220.20526933333338,908462.0,1603161.0,845626.0,1688851.0,1308349.0,2456744.0,1769990.0,1850926.0,2263198.0,2215791.0,2050746.0,2598315.0,2330460.0,2910711.0,3040238.0,1980197.0,947956.0,1040746.0,1991909.0,1842144.0,2348590.0,1486199.0,1013706.0,927341.0,5187946.0,2994144.0,5678154.0,1462214.0,2537328.0,4897689.0,,,,,,,,,
221.0689555,331687.0,,,198565.0,297642.0,,2075205.0,778924.0,630989.0,487939.0,469589.0,400895.0,257885.0,297923.0,,,376543.0,175630.0,260942.0,266367.0,281929.0,,,251176.0,,241768.0,,200698.0,,228218.0,,,,,,,,,
221.17432705882354,,,,519050.0,617257.0,682144.0,,,,,,301832.0,1227416.0,1232261.0,600938.0,106798.0,,,927425.0,789995.0,583185.0,,,,563072.0,743509.0,659115.0,661791.0,709574.0,767454.0,,,,,,,,,
221.20861238095245,157550.0,213373.0,,344112.0,,455554.0,256119.0,299426.0,354228.0,195243.0,252596.0,400437.0,508917.0,,890285.0,304271.0,114858.0,,407827.0,397834.0,436769.0,244427.0,175663.0,,,,901386.0,,,650106.0,,,,,,,,,
226.17944296296295,,834893.0,533626.0,1105498.0,1052023.0,1761017.0,,,268111.0,1341155.0,1108649.0,1692507.0,1126873.0,1419701.0,722449.0,338130.0,302734.0,131043.0,2024950.0,1423151.0,977195.0,741778.0,247411.0,423150.0,1011018.0,930265.0,921650.0,761470.0,984428.0,1154682.0,,,,,,,,,
228.19506,209121.0,1246230.0,807489.0,1485173.0,1294754.0,2509359.0,226269.0,339819.0,481044.0,1590567.0,867138.0,1320897.0,2184301.0,,,,,,2530077.0,1913027.0,1413615.0,1208900.0,364822.0,695543.0,,,,,,,,,,,,,,,
231.13475538461535,134926.0,354413.0,148297.0,262368.0,297451.0,221581.0,,,,272633.0,376468.0,,,,,,,,300762.0,,,110199.0,,,961289.0,,,1149609.0,726177.0,,,,,,,,,,
231.13493714285715,,,,,,,257580.0,272853.0,168961.0,,,294384.0,580289.0,521828.0,322568.0,103539.0,213630.0,,,252789.0,280335.0,,,,,736899.0,583876.0,,,524134.0,,,,,,,,,
232.92749277777784,,,,954024.0,,518685.0,,529481.0,473110.0,2740803.0,,988831.0,2372070.0,1807308.0,4233775.0,,284737.0,,602816.0,1053974.0,,,,,914247.0,1388513.0,1669341.0,1262342.0,1100136.0,1165253.0,,,,,,,,,
234.22088666666667,625294.0,889458.0,523921.0,1031791.0,917033.0,1496278.0,891474.0,912776.0,1139150.0,2304503.0,2273129.0,2557567.0,1959255.0,2288856.0,2323467.0,1031872.0,513977.0,526295.0,1297528.0,1038700.0,1299239.0,736808.0,570513.0,538730.0,4433975.0,2916464.0,5323573.0,1656345.0,2563052.0,4778375.0,,,,,,,,,
235.0845660869566,377182.0,,283654.0,293591.0,481574.0,164986.0,2730498.0,1085356.0,867932.0,982636.0,1018926.0,830249.0,430935.0,440381.0,762054.0,404081.0,390058.0,,,,322263.0,285296.0,,352781.0,308304.0,,424750.0,302134.0,,313938.0,,,,,,,,,
236.07093374999994,,,,,,428357.0,305168.0,,311809.0,,462980.0,,,827680.0,695485.0,,160199.0,,513346.0,494925.0,519621.0,162007.0,,,1236904.0,916243.0,1156641.0,,772229.0,740292.0,,,,,,,,,
242.2107224137931,,2256047.0,1183004.0,3057378.0,2578956.0,5121336.0,327819.0,555845.0,707683.0,3346253.0,2244688.0,4180172.0,5214081.0,6859408.0,3246673.0,796600.0,697233.0,292794.0,6102161.0,4371352.0,3019096.0,1456602.0,541908.0,971558.0,3205887.0,3962693.0,3774136.0,3349895.0,3712157.0,4734358.0,,,,,,,,,
243.21407235294123,,,,355459.0,407914.0,777397.0,,,,696546.0,,568332.0,893004.0,1045044.0,480732.0,,100614.0,,812086.0,570411.0,440965.0,,,,705388.0,875914.0,,782418.0,882594.0,1084501.0,,,,,,,,,
244.18996555555555,408590.0,2216828.0,1216189.0,2177130.0,1706857.0,3399342.0,409390.0,558776.0,682965.0,3525775.0,2523804.0,3826919.0,2067576.0,,,1118130.0,935497.0,468501.0,3559731.0,2520325.0,1952906.0,2241242.0,742323.0,1183431.0,2186830.0,2222135.0,,1909441.0,3793710.0,2790372.0,,,,,,,,,
245.0776958823529,,168067.0,,,,,,176272.0,105702.0,2102693.0,2524159.0,3774569.0,382927.0,546819.0,408217.0,,,,446020.0,469638.0,388251.0,,,,561528.0,378443.0,,471565.0,412747.0,374856.0,,,,,,,,,
245.19341374999996,,385095.0,221463.0,376023.0,,637359.0,,,135534.0,,,,317158.0,427222.0,221132.0,167061.0,,,578629.0,480301.0,312781.0,,139341.0,,,,239172.0,,417478.0,328227.0,,,,,,,,,
246.94307692307694,431031.0,522376.0,300294.0,1141920.0,1717809.0,563719.0,1548638.0,514956.0,530139.0,5691995.0,2344028.0,1451316.0,3452483.0,2282672.0,5361669.0,229274.0,283459.0,,728974.0,1232380.0,1495689.0,,,,1792915.0,2714668.0,2706310.0,2313659.0,2058447.0,2188059.0,,,,,,,,,
248.23652933333338,1641512.0,2418709.0,1409002.0,3172579.0,2533326.0,4449290.0,2731958.0,2683843.0,3268482.0,6752390.0,7180228.0,9528817.0,4708533.0,6805482.0,7999532.0,2969016.0,1485734.0,1445947.0,3811647.0,3298907.0,3844395.0,2103246.0,1542823.0,1391342.0,7812962.0,5510078.0,11099339.0,2892575.0,4336474.0,8489541.0,,,,,,,,,
249.0638375,,241196.0,,,,,1301050.0,492011.0,376193.0,1150305.0,734823.0,592961.0,1362190.0,1364532.0,2685725.0,,169921.0,,199439.0,254437.0,203918.0,,,,682957.0,885297.0,1091250.0,685782.0,721381.0,803069.0,,,,,,,,,
249.1454546666666,,,132724.0,,478387.0,,,211166.0,,528664.0,1291969.0,1199284.0,538658.0,794370.0,491011.0,,,,,,,,,,570388.0,443694.0,528178.0,409913.0,347166.0,417304.0,,,,,,,,,
249.1692155,,344623.0,258979.0,815015.0,828197.0,926730.0,,,,431256.0,,574341.0,2383461.0,2559267.0,1129428.0,,,,1329221.0,1091773.0,808895.0,141202.0,,,1142603.0,1464712.0,1335463.0,1137493.0,1298608.0,1457324.0,,,,,,,,,
249.18462461538462,,,,150422.0,,,,189776.0,106324.0,368759.0,556755.0,656909.0,409741.0,400933.0,400584.0,,,,,240080.0,246399.0,,,,490618.0,,387864.0,,,,,,,,,,,,
249.23981692307692,357606.0,487043.0,,731609.0,547808.0,,535772.0,474561.0,,871887.0,,,,,,532462.0,249667.0,,,770937.0,,,262801.0,214710.0,,,,,,,,,163230.0,,,,,,
249.2399533333333,,,272037.0,,,938876.0,,,652813.0,,963301.0,1248284.0,1424311.0,1925573.0,2185602.0,,,227415.0,819363.0,,856105.0,476163.0,,,1899631.0,1373051.0,2908947.0,663809.0,1100890.0,2083222.0,,,,,,,,,
250.17692624999998,,963247.0,682342.0,2207631.0,1951501.0,2617165.0,168851.0,204964.0,317674.0,2559966.0,1411648.0,,,,,535202.0,376674.0,,3070533.0,2559537.0,2115326.0,774051.0,,,,,,,,,,,,,,,,,
250.17707133333337,226982.0,,,,,,,,,,,3003220.0,6609368.0,6460063.0,2997750.0,,,210478.0,,,,,332537.0,572048.0,4158265.0,5639966.0,5981208.0,4621999.0,5199472.0,5036102.0,,,105765.0,,,,,,
250.53103857142855,,,,,,,,,,675248.0,1248685.0,1719361.0,2168322.0,2667593.0,1505273.0,,,,,,,,,,2309642.0,1837098.0,3340264.0,1083449.0,2097562.0,3884609.0,,161659.0,191168.0,,,,,,
250.54037615384615,108355.0,,,258069.0,182331.0,474963.0,,,244837.0,,1049349.0,1314857.0,,,,,207244.0,279894.0,719202.0,713914.0,347206.0,,,,,,2760641.0,,,,,,,,,,,,
250.93795125000005,1174218.0,1165020.0,1029204.0,300401.0,527556.0,192256.0,4248152.0,1473285.0,1460447.0,,,,,,,694205.0,816774.0,253584.0,,363311.0,,347328.0,418253.0,598380.0,,,,,,,,,,,,,,,
251.24749956521745,193725.0,487801.0,,354949.0,214083.0,,341442.0,263628.0,427583.0,985617.0,1016211.0,1212013.0,769217.0,686329.0,782715.0,,225828.0,,716576.0,432611.0,467473.0,298627.0,,,1154412.0,770537.0,1422675.0,349197.0,,969325.0,,,,,,,,,
254.17183571428572,,102838.0,,,189776.0,263330.0,,,,513657.0,338487.0,581653.0,519505.0,,268660.0,,,,284012.0,,,105574.0,,,376489.0,,683967.0,351398.0,509406.0,,,,,,,,,,
255.24242,,,,,,,190578.0,,,,551846.0,745407.0,391699.0,329171.0,375072.0,,,,401533.0,237840.0,,,,184025.0,511521.0,370928.0,645651.0,,177381.0,348748.0,,,,,,,,,
256.26277450000003,221948.0,,,726460.0,670106.0,943282.0,262857.0,275946.0,,340362.0,,469358.0,730039.0,860049.0,978178.0,,,,1281383.0,961508.0,769308.0,,,,890284.0,612829.0,731693.0,620866.0,716827.0,1137411.0,,,,,,,,,
256.2991253333334,1288152.0,2848655.0,1150660.0,2476389.0,2996741.0,4160619.0,2743188.0,2243355.0,1614432.0,4507618.0,5573758.0,7225096.0,4136249.0,3923026.0,4293431.0,1243411.0,1953659.0,822636.0,2810436.0,3206849.0,2659413.0,993881.0,1451766.0,872627.0,3676126.0,4099354.0,4173318.0,6081485.0,4072041.0,3381640.0,,,,,,,,,
257.15039619047616,,775276.0,308405.0,816690.0,866072.0,881798.0,708173.0,,500867.0,545581.0,911616.0,1225981.0,1752667.0,,,,550898.0,208972.0,1037710.0,867335.0,915565.0,,162096.0,,2260653.0,,,2427097.0,1455964.0,1230727.0,,,,,,,,,
257.3024543478261,,475708.0,184531.0,570349.0,559420.0,817836.0,575579.0,452899.0,,809464.0,,1045599.0,984668.0,,874308.0,212577.0,,147958.0,568749.0,583490.0,491777.0,218602.0,,,891049.0,1158281.0,1159798.0,1667278.0,1121645.0,869500.0,,,,,,,,,
261.1300894117647,,,173016.0,725707.0,641072.0,298973.0,,153981.0,,1748448.0,1457347.0,1101395.0,,929568.0,719974.0,,,,428653.0,2055986.0,499817.0,,,,1061491.0,,,750891.0,,553354.0,172357.0,,,,,,,,
262.2521696666666,2892609.0,4168914.0,2409822.0,6150708.0,4115539.0,7688821.0,4632802.0,4871674.0,5746419.0,10223616.0,9472253.0,11475988.0,13057803.0,14530326.0,14819313.0,5622088.0,2893800.0,2819530.0,6576205.0,5963765.0,7472080.0,4256149.0,2920249.0,2531073.0,20717830.0,14770360.0,26636654.0,8048444.0,12849761.0,23591508.0,,,,,,,,,
263.0794438461539,,263329.0,222819.0,,265922.0,,,426929.0,415871.0,1973693.0,1339238.0,915125.0,,1085620.0,2124351.0,,243833.0,,,,,,,,,,,734683.0,851119.0,,,,,,,,,,
263.25541,623483.0,,478877.0,1298124.0,816448.0,,994755.0,,,1997571.0,2002408.0,2698453.0,,,,,724866.0,612071.0,1231798.0,1148637.0,1411461.0,866297.0,591964.0,586393.0,,,,1241250.0,,,,,,,,,,,
263.2555435714286,,840801.0,,,,1552455.0,,1006902.0,1092943.0,,,,1903719.0,2337714.0,2391677.0,1197413.0,,,,,,,,,3110948.0,2149931.0,4046371.0,,1802957.0,3589068.0,,,,,,,147300.0,,
264.95358095238106,1330837.0,1571053.0,1161714.0,928548.0,1296858.0,,5977463.0,2158512.0,1808269.0,496307.0,490577.0,306509.0,,,,,972307.0,367982.0,620407.0,1025525.0,1178519.0,405678.0,,632411.0,233149.0,452693.0,,,324860.0,,,,,,,,,,
265.0222794117647,207325.0,386223.0,,1062426.0,1327059.0,1225243.0,1025445.0,303005.0,332617.0,,732328.0,1954957.0,,,,236438.0,,,1118875.0,929690.0,753146.0,,170726.0,,,,,663921.0,895286.0,,,,,,,,,,
265.2630756000001,,451156.0,192507.0,453874.0,,633367.0,387275.0,383299.0,424487.0,432796.0,484511.0,629659.0,1332052.0,1199524.0,,395511.0,,,787071.0,497044.0,591289.0,273179.0,208882.0,211723.0,1607371.0,1030006.0,2102009.0,441650.0,721351.0,1341912.0,,,,,,,,,
266.17189299999995,605984.0,1559408.0,1281857.0,3107093.0,3832086.0,3413340.0,276850.0,497622.0,699715.0,8782254.0,7348555.0,12121429.0,10158297.0,7954758.0,3520562.0,827599.0,715670.0,364005.0,3745811.0,3699045.0,2579740.0,1437290.0,493727.0,942871.0,6901181.0,6671907.0,7063043.0,6333650.0,7520210.0,6225265.0,,,,,,,,,
267.17526999999995,,221076.0,242909.0,387990.0,538466.0,,,,,1334436.0,,2043799.0,1095988.0,871321.0,299687.0,,133156.0,,508398.0,,389512.0,,,125876.0,789078.0,733760.0,856326.0,701138.0,824032.0,,,,,,,,,,
268.02265538461535,,,,,,270130.0,,,,2540452.0,2543728.0,1833602.0,,833246.0,849186.0,,,,496313.0,597355.0,310460.0,,,,445802.0,435327.0,770510.0,,,656371.0,,,,,,,,,
268.27399647058826,,255696.0,,,,,246088.0,,313518.0,409162.0,391002.0,565873.0,488708.0,442906.0,526043.0,213649.0,,,306410.0,,295925.0,207018.0,,,558843.0,356379.0,760584.0,,,458421.0,,,,,,,,,
270.24200789473684,,,121152.0,,240868.0,496793.0,,,126593.0,,,,516858.0,725838.0,359569.0,138540.0,144309.0,,400889.0,359300.0,262158.0,202588.0,,107751.0,,717885.0,741887.0,465173.0,632177.0,823264.0,,,,,,,,,
270.9097142857143,188823.0,,107942.0,,,,,,528723.0,,436671.0,180675.0,543353.0,450859.0,1705383.0,,,,198753.0,233189.0,,,,,383835.0,835299.0,491029.0,,,456043.0,,,,,,,,,
271.114472,,,,287349.0,374678.0,348992.0,,,,,,,581726.0,543375.0,514452.0,,,,239118.0,409682.0,186466.0,,,,626473.0,541717.0,882545.0,385155.0,658443.0,1020154.0,,,,,,,,,
272.90643230769234,,,,,213043.0,,3823050.0,511878.0,329632.0,327826.0,,,253929.0,,,,,,141455.0,115073.0,,,,,187653.0,329579.0,263213.0,179143.0,,197351.0,,,,,,,,,
273.09365333333335,405007.0,966798.0,283990.0,727749.0,,975745.0,990286.0,858734.0,,441640.0,449801.0,,1481474.0,,,,593999.0,263426.0,989311.0,,710498.0,,297485.0,,,,,,,,,,,,,,,,
273.093828,,,,,689045.0,,,,553103.0,,,604084.0,,1473315.0,1369673.0,370303.0,,,,685570.0,,329848.0,,227435.0,1798785.0,1353406.0,1179803.0,1834158.0,1363975.0,1062550.0,,,,,,,,,
273.10883466666667,,,,186008.0,,,,,151528.0,,,536971.0,468434.0,436616.0,376033.0,,,,,224808.0,196090.0,116989.0,148891.0,,608800.0,399039.0,,613335.0,409904.0,396197.0,,,,,,,,,
276.2677973333333,1665741.0,2250314.0,1423447.0,2782954.0,2169065.0,3835634.0,2558742.0,2727700.0,3223201.0,4750310.0,4820838.0,6666926.0,5540528.0,7170966.0,7605101.0,3180520.0,1821419.0,1569887.0,3118488.0,2735412.0,3439073.0,2365024.0,1689847.0,1506114.0,10221746.0,7458188.0,13869830.0,3906488.0,5813657.0,11520814.0,,,,,,,,,
277.27119600000003,,,,683526.0,505243.0,815499.0,,517886.0,658723.0,798258.0,925992.0,,1196247.0,1629110.0,1816404.0,,,293217.0,,593651.0,,,,374291.0,1932043.0,1371084.0,2681914.0,660262.0,1078375.0,2077054.0,111825.0,,,,,,,,
278.14876071428574,,,,,,,,,160315.0,1187170.0,2087202.0,2001677.0,1546312.0,1522241.0,779887.0,106787.0,,,,,,,,,2069139.0,1730471.0,1493062.0,1044479.0,1127816.0,1138097.0,,,,,,,,,
279.15848555555556,,418881.0,,400472.0,386878.0,573618.0,418324.0,258678.0,426064.0,1081840.0,,,,,,234563.0,236843.0,,,468780.0,500390.0,146162.0,165509.0,155512.0,,,,799029.0,1357592.0,942403.0,,,,,,,,,
279.27867937499997,,304693.0,,428527.0,,,,,395638.0,571608.0,526999.0,,1403011.0,,946963.0,,,,643986.0,332076.0,377100.0,278682.0,,,1374221.0,,1686722.0,368923.0,645472.0,1301361.0,,,,,,,,,
282.136942,,,,156331.0,230241.0,238040.0,,,,1601143.0,707510.0,,,1152228.0,1113399.0,,,,342943.0,,226124.0,,,,550705.0,787657.0,741145.0,710173.0,693851.0,964327.0,,,,,,,,,
282.20320583333336,224972.0,,468918.0,1091471.0,873307.0,935005.0,,187510.0,280678.0,2886491.0,2336587.0,4834521.0,1716770.0,2123604.0,934199.0,258134.0,,,1027128.0,957551.0,685774.0,358570.0,,,1304062.0,1386385.0,1187213.0,1397816.0,1693151.0,813255.0,,,,,,,,,
282.2783830000001,,,,668050.0,357299.0,636190.0,383682.0,147318.0,316668.0,235699.0,260978.0,,584226.0,693092.0,1188287.0,,,,1626887.0,1067393.0,777033.0,,,,1393076.0,848661.0,1133434.0,577980.0,902762.0,1393147.0,,,,,,,,,
284.29408222222224,296363.0,435648.0,,634809.0,,636120.0,,,468289.0,454654.0,,,1587856.0,1461768.0,1318045.0,,,,,688309.0,720066.0,,,,1157839.0,976480.0,1590375.0,1415504.0,1428707.0,1708079.0,,,,146858.0,,,,,
284.33025153846154,,,257442.0,790005.0,722435.0,408321.0,250923.0,,324787.0,,460912.0,,,,,,291939.0,703826.0,,305160.0,,,888781.0,,525766.0,,,,1118465.0,,,,,,,,,,
284.33046533333334,321322.0,,,,,,,358172.0,,844958.0,,527197.0,1001838.0,617874.0,978771.0,911896.0,,,279103.0,,392029.0,,,577681.0,,1041035.0,1479537.0,671662.0,,1328153.0,,,,,,,,,
285.13664384615385,,,,,389508.0,,,,,,835293.0,849692.0,1814630.0,1715320.0,2258537.0,,,,,298715.0,,,,,957846.0,1339450.0,1601956.0,1520286.0,1324291.0,1344897.0,,,,,,,,,
288.28899611111115,292735.0,,385194.0,,567967.0,1303263.0,526092.0,,871174.0,,,,,2379701.0,2806612.0,723563.0,,,,936070.0,,551640.0,,398793.0,2482498.0,1910626.0,4086892.0,687632.0,1298756.0,2434008.0,,,,,,,,,
290.28345833333333,1401326.0,1787552.0,1161037.0,2505301.0,1961356.0,3334384.0,2066983.0,2220070.0,2665403.0,6132814.0,5938112.0,8001743.0,5935749.0,7281219.0,8014194.0,2377518.0,1972153.0,1056463.0,2601766.0,2479751.0,3010977.0,1824904.0,1341656.0,1162504.0,10240362.0,7661229.0,15469292.0,3671478.0,5584686.0,10850269.0,,,,,,,,,
291.0855246666667,460508.0,324636.0,836101.0,1948751.0,1451617.0,3058918.0,635616.0,1508687.0,,1351614.0,2046485.0,2402419.0,,,,,116237.0,,1395832.0,1189125.0,932962.0,,,,,,,,,,,,,,,,,,
291.2867572,283785.0,369969.0,266695.0,506548.0,368809.0,796064.0,,576355.0,597253.0,1197222.0,1239908.0,1650230.0,1076369.0,1420461.0,1497259.0,560239.0,454725.0,,652547.0,587358.0,642038.0,463564.0,400135.0,,1889271.0,,,680238.0,1022745.0,1950234.0,,,,,,,,,
292.2629042857142,,284894.0,152125.0,311926.0,,788803.0,,355464.0,,1057621.0,945421.0,1354565.0,,,,,430298.0,,,,,514144.0,419861.0,384189.0,,1687050.0,3158733.0,,,,,,,,,,,,
292.26306923076925,186028.0,,,,329238.0,,386704.0,,448417.0,,,,747653.0,1639910.0,1740260.0,513628.0,,,,462688.0,374025.0,,,,2131041.0,,,,747839.0,1471742.0,,,,,,,,,
293.24430941176473,181921.0,186176.0,,255706.0,,279657.0,,,,830565.0,1360888.0,1463389.0,409171.0,467112.0,308800.0,125992.0,,,346398.0,,265510.0,,,,724188.0,471081.0,,,382022.0,353256.0,,,,,,,,,
293.29437700000005,,547154.0,230350.0,,242214.0,,319969.0,345946.0,339075.0,939401.0,832248.0,1045836.0,1424918.0,1002148.0,1183294.0,,204424.0,,837977.0,418124.0,550313.0,302339.0,,,1133664.0,,1579304.0,,,1185591.0,,,,,,,,,
294.166867,,,161639.0,332508.0,299471.0,332186.0,,,,463496.0,,539486.0,1104822.0,1147080.0,575730.0,,,,609907.0,403155.0,321945.0,118744.0,,158450.0,705611.0,712693.0,767566.0,641037.0,673839.0,896487.0,,,,,,,,,
294.91910444444443,885466.0,1851139.0,775702.0,1578600.0,1756441.0,1735501.0,,1190175.0,938473.0,1401908.0,1666487.0,1441783.0,841554.0,695394.0,,651647.0,917690.0,501380.0,1222204.0,1718262.0,1916948.0,544133.0,468097.0,512295.0,2320485.0,1172938.0,894595.0,1507509.0,1121386.0,,,,,,,,,,
295.19374421052623,,,,917812.0,1369421.0,588929.0,,,114783.0,4635230.0,2799044.0,1558115.0,14117272.0,12415473.0,18895232.0,,,,732520.0,1337558.0,939334.0,,,,5683586.0,8340712.0,9782062.0,9721575.0,8555287.0,9829073.0,,,,,,,,,
296.218884,,762762.0,454066.0,1144686.0,722870.0,1057529.0,,,,14981282.0,12597282.0,23070052.0,,,427766.0,183686.0,285379.0,,852966.0,813663.0,595690.0,338902.0,152584.0,,2502448.0,,,3110506.0,2036608.0,1023645.0,,,,,,,,,
297.5902152631578,,1029411.0,,1987632.0,,1264088.0,922616.0,791564.0,,3206591.0,3450635.0,2551623.0,3181769.0,2800625.0,2596688.0,,661561.0,,,2080813.0,,,,,3654232.0,2663561.0,2043390.0,1836901.0,1533353.0,1420281.0,,,,,,,,,
297.61470966666667,31177240.0,42585228.0,34414048.0,83889968.0,90502360.0,54807752.0,39175464.0,39846484.0,53299852.0,117318720.0,125974992.0,98619832.0,122197560.0,116570400.0,111600176.0,19476516.0,27293790.0,13216748.0,77773192.0,83810464.0,71587376.0,7947984.0,8228186.0,12477617.0,147513536.0,101660040.0,83159376.0,69463272.0,57943924.0,58180340.0,,,,,,,,,
298.1164379999999,9348838.0,13440926.0,10473193.0,25638984.0,28575722.0,17392408.0,12186745.0,12378851.0,16500764.0,34100452.0,36088564.0,27752152.0,40501852.0,37728456.0,36125912.0,6041327.0,8266638.0,3910728.0,24388510.0,26829870.0,22737860.0,2399967.0,2512295.0,3815355.0,47423200.0,32246060.0,26142960.0,20667784.0,17401812.0,18021972.0,,,,,,,,,
298.34616538461535,,,108936.0,,,243583.0,,,,,,,446216.0,666490.0,687814.0,,,,510575.0,,,184397.0,,373060.0,3516306.0,437469.0,,7090904.0,1085122.0,543980.0,,,,,,,,,
298.61109785714285,,,,394843.0,,260390.0,,,,487894.0,524920.0,430966.0,683615.0,,625046.0,,,,384937.0,437136.0,,,,,732678.0,521119.0,476466.0,364470.0,280464.0,,,,,,,,,,
298.61799,1525652.0,1978320.0,1617235.0,4042736.0,4213612.0,2702825.0,1810298.0,1912345.0,2599308.0,5180550.0,5292217.0,4070774.0,6857599.0,6131023.0,6078079.0,975140.0,1321638.0,690823.0,3776277.0,4315841.0,3314999.0,307136.0,,636994.0,7667975.0,5211727.0,4163619.0,3212075.0,2710436.0,3053495.0,,,,,,,,,
299.1194505263158,,273166.0,,594053.0,566185.0,414191.0,,,,779474.0,782923.0,531074.0,1102738.0,960133.0,889690.0,117806.0,,,503496.0,661858.0,454123.0,,,,1198605.0,815638.0,703919.0,332003.0,430704.0,,,,,,,,,,
299.161066,,247052.0,118917.0,,,466205.0,,,188918.0,2214589.0,3957795.0,4853465.0,1145497.0,1354673.0,,140774.0,,,662618.0,545522.0,529662.0,,106687.0,,1703040.0,1252321.0,1580520.0,686556.0,962977.0,1180825.0,,,,,,,,,
299.61116103448273,731540.0,963924.0,748259.0,2063654.0,2068127.0,1362154.0,901815.0,1026010.0,1316843.0,2912381.0,2911109.0,2042773.0,3925045.0,3376060.0,3426237.0,414716.0,530862.0,,1682202.0,1947772.0,1709998.0,223908.0,215271.0,268577.0,4447826.0,3133444.0,2489494.0,1893751.0,1776663.0,1752996.0,,,,,,,,,
299.618023125,,,,181928.0,204675.0,165496.0,,,,276081.0,,203053.0,342277.0,300416.0,303077.0,,,,157882.0,162376.0,199350.0,,,,390730.0,265432.0,223370.0,221687.0,,206653.0,,,,,,,,,
300.11298785714285,,,,431115.0,470136.0,241010.0,,168928.0,,737029.0,744535.0,,962724.0,847855.0,717185.0,,,,351681.0,,361801.0,,,,1002616.0,,,,415543.0,428708.0,,,,,,,,,
301.14026900000005,1119953.0,1517643.0,1083614.0,3181765.0,2957865.0,3506845.0,1209879.0,1491444.0,1589499.0,12161980.0,12823194.0,24418070.0,7408210.0,7155253.0,5261000.0,938951.0,1299416.0,810192.0,4143208.0,3557276.0,3274937.0,980756.0,812724.0,1083404.0,12334789.0,9665375.0,11130878.0,8597146.0,7800736.0,7149513.0,,,,,,,,,
302.14358444444446,,342062.0,,645837.0,724264.0,777236.0,288400.0,227004.0,378666.0,2500040.0,2700935.0,5536280.0,1410795.0,,,216753.0,,,858338.0,737331.0,677532.0,287457.0,,,,,,,1575245.0,,,,128160.0,,,,,,
303.0492465517241,157435.0,,160189.0,1607248.0,973969.0,2261449.0,463719.0,812814.0,905843.0,1640229.0,2083860.0,2383907.0,2516159.0,3062994.0,2697511.0,693828.0,507092.0,509508.0,3893439.0,2688023.0,1880836.0,975747.0,648298.0,838817.0,2226357.0,1563520.0,2992321.0,1512003.0,3219301.0,5849365.0,,,,,,,,,
303.1923407142857,,,,,249873.0,249221.0,,,169690.0,1077612.0,2254695.0,2705341.0,742525.0,,505049.0,,,,,263234.0,241011.0,,,,1020351.0,,699755.0,1012341.0,605149.0,,,,,,,,,,
303.22870620689656,2246012.0,1422472.0,1687146.0,2424969.0,3582284.0,1796527.0,,2366560.0,2333461.0,546181.0,940473.0,690271.0,5133260.0,5146817.0,3332055.0,1137759.0,1568644.0,535252.0,1653864.0,2684302.0,2309139.0,744841.0,744206.0,1036820.0,3583202.0,3328773.0,5097102.0,4115392.0,2702098.0,2706754.0,,,,,,,,,
304.2320006666667,444704.0,402684.0,340641.0,582899.0,835610.0,406824.0,227031.0,,,,,,,,823797.0,,,,365154.0,602047.0,493949.0,,,219716.0,723357.0,,,841310.0,541988.0,,,,,,,,,,
304.2839936363637,806600.0,721286.0,959742.0,,2017889.0,4413566.0,1637532.0,2108365.0,2923198.0,,,,,8763803.0,9499538.0,2651204.0,,809857.0,,3124553.0,,2421572.0,1706773.0,786901.0,6338801.0,6082114.0,11741591.0,3356814.0,7437598.0,14674257.0,,,,,,,,,
304.2991073333334,1311500.0,1750367.0,1207170.0,2787580.0,2421121.0,3859310.0,2284292.0,2263141.0,2816686.0,5204463.0,5124875.0,7032743.0,6048925.0,8292028.0,9538643.0,2428708.0,2169470.0,1099277.0,3108633.0,2975658.0,3224070.0,1929164.0,1347662.0,1158373.0,11966194.0,6920835.0,14731352.0,3196639.0,5307775.0,10626514.0,,,,,,,,,
305.1564766666667,,207380.0,,464965.0,1265119.0,,,,,924864.0,1124925.0,1112681.0,411611.0,,,,,,211673.0,575636.0,298440.0,,,,638405.0,,646979.0,353973.0,,296808.0,,,184926.0,,,,,,
305.24445625000004,,452951.0,,574862.0,687670.0,,,522797.0,,,,1510359.0,1542966.0,1591646.0,1181351.0,,,,429141.0,,,,259396.0,,1383704.0,1190332.0,1674233.0,1196178.0,940572.0,947947.0,,,,,,,,,
305.287329375,,,133457.0,,342462.0,890035.0,,,519316.0,,,,,1989306.0,2046403.0,481197.0,,158705.0,,558824.0,,,,112970.0,1375323.0,1328499.0,2590556.0,696633.0,1635815.0,3032718.0,,,,,,,,,
305.3023974074074,273144.0,458633.0,239693.0,649407.0,572269.0,879120.0,474912.0,496875.0,546084.0,1192060.0,1196760.0,,1761194.0,2301499.0,2491564.0,555783.0,440138.0,,699164.0,700336.0,690250.0,449934.0,,251960.0,3179916.0,1965556.0,4068461.0,913458.0,1478720.0,2912351.0,,,,,,,,,
306.2755833333333,369329.0,300593.0,167835.0,597488.0,,527879.0,,335895.0,,625340.0,603378.0,583355.0,,,1245916.0,,267062.0,,451439.0,,600925.0,,117990.0,,1287148.0,1076109.0,2014233.0,,,1535995.0,,,,,,,,,
307.2599755,260936.0,303629.0,173668.0,385611.0,381798.0,382705.0,,347595.0,213550.0,1538578.0,2572957.0,1921828.0,1559021.0,,1157015.0,,,,,459429.0,425935.0,,,301582.0,2440396.0,,,1373656.0,1395731.0,1363489.0,,,,,,,,,
307.31011894736844,175691.0,,,344225.0,,354607.0,,226616.0,,845023.0,820597.0,1092603.0,1277385.0,974094.0,1037468.0,,,,601726.0,,429157.0,262100.0,180454.0,167051.0,1174412.0,,1342506.0,388708.0,,1229629.0,,,,,,,,,
308.8984446153847,619128.0,1261159.0,,865998.0,993246.0,974645.0,778197.0,803744.0,630220.0,1073232.0,1163957.0,901733.0,,544399.0,232762.0,513278.0,,,686433.0,990791.0,1049468.0,314454.0,322018.0,339540.0,2074235.0,1066040.0,,1359768.0,994357.0,599589.0,,,,,,141568.0,,,
309.2390192307692,346955.0,,,399989.0,328854.0,,221086.0,476412.0,154149.0,,,,575430.0,,,,,169821.0,,,627568.0,164784.0,,,,,,813667.0,579693.0,444823.0,,,,,,,,,
309.23931357142857,,495618.0,397780.0,,,453289.0,,,,1612390.0,4106627.0,8122402.0,,2078513.0,606510.0,,,,664445.0,435256.0,,,,222893.0,1266147.0,697534.0,1387554.0,,,,,,,,,,,,
310.3097971875,1225463.0,2606939.0,1742563.0,5437846.0,1614349.0,6629147.0,1817758.0,1392935.0,2968477.0,1616221.0,2662388.0,2812193.0,4423951.0,9253694.0,8443621.0,851515.0,1087307.0,1335211.0,2953236.0,4364364.0,2477226.0,1764378.0,1045981.0,836125.0,6154856.0,10324777.0,3774030.0,10687825.0,11285640.0,2714305.0,313154.0,,219022.0,,,,,,
311.2550861538462,,,,,277180.0,,,,,,329531.0,587319.0,583623.0,736314.0,688331.0,,,,,,233712.0,,,,829464.0,652327.0,1031933.0,459180.0,533487.0,550426.0,,,,,,,,,
311.313019,,397548.0,268452.0,839180.0,280219.0,1068118.0,,,485711.0,,,440267.0,853776.0,1686840.0,1576185.0,,,230143.0,532563.0,756506.0,,,,116560.0,1208992.0,1913567.0,795186.0,1908299.0,2196720.0,457193.0,,,,,,,,,
312.14758090909095,,647191.0,,1053679.0,1073479.0,1152033.0,,,,6066005.0,1906575.0,2514330.0,7541851.0,8767409.0,7321374.0,,140564.0,,1678491.0,1536609.0,1018875.0,248332.0,,197841.0,4054299.0,6124025.0,4952033.0,4493016.0,4941851.0,6472844.0,,,,,,,,,
312.325455925926,253759.0,615859.0,,988128.0,644868.0,1234153.0,406101.0,431690.0,,,1097636.0,1503592.0,1818979.0,2695203.0,1946280.0,337700.0,447194.0,,1116108.0,1028286.0,698027.0,499195.0,306725.0,293508.0,1983463.0,2378007.0,1865670.0,2432374.0,2459401.0,1847875.0,,,,,,,,,303214.0
313.0676059090909,385370.0,283111.0,667132.0,1466650.0,1030093.0,2413634.0,236504.0,908586.0,914588.0,900504.0,1753308.0,2557201.0,,,1432893.0,143331.0,,,1045055.0,868137.0,731666.0,,,,1663020.0,1319242.0,,1491380.0,2123542.0,4037963.0,,,,,,,,,
313.1677653846154,,172976.0,,739075.0,,501182.0,,,,,,,4558916.0,4121959.0,,,,,,993874.0,868466.0,,,,3070227.0,3404330.0,4044539.0,3613852.0,2976334.0,3478548.0,,,,,,,,,
313.20438607142853,1267683.0,1604478.0,1040868.0,1918857.0,3113009.0,1282984.0,2073554.0,1579616.0,1628545.0,,,520125.0,2493975.0,1629491.0,1564931.0,764073.0,1066838.0,227191.0,1586078.0,2466096.0,2275884.0,414310.0,555831.0,653373.0,1885965.0,2152821.0,2133341.0,2419935.0,1759993.0,2015135.0,,,,,,,,,
313.27307391304345,,,216292.0,815476.0,548368.0,498391.0,,353865.0,795063.0,843239.0,859056.0,1154988.0,899373.0,662625.0,545500.0,254881.0,,,1543457.0,,1127758.0,255002.0,,236865.0,885822.0,844143.0,991050.0,654737.0,904731.0,848253.0,,,,,,,,,
316.2839847619047,,,,320467.0,339480.0,517102.0,207935.0,,421546.0,303036.0,525180.0,527184.0,643480.0,797918.0,862580.0,,,,289075.0,357375.0,235856.0,,,,969443.0,931358.0,1629460.0,,742742.0,993682.0,,,,134679.0,147290.0,,,,
316.3203135714285,,465188.0,,,566106.0,1057992.0,433764.0,464238.0,,,,,,,1650520.0,662169.0,,303220.0,,714085.0,,526636.0,413490.0,382265.0,,1395425.0,,,1122954.0,,,,,,,,,,
317.1199573333333,,,329448.0,990419.0,,1435185.0,1084121.0,,,,,,,,1904431.0,454942.0,,341786.0,1359949.0,903602.0,929406.0,331475.0,,200995.0,,,1939489.0,,2002762.0,2043473.0,,,,,,,,,
317.1717214285714,,,,268012.0,362002.0,311985.0,,220856.0,,,256902.0,384330.0,735697.0,604783.0,,,,123886.0,348840.0,,423396.0,,,,888228.0,,,951733.0,,513221.0,,,,,,,,,
318.3148066666668,1606921.0,2058513.0,1351873.0,3143217.0,2771849.0,4564497.0,2809640.0,2973304.0,3664843.0,3936913.0,4198814.0,5552191.0,7316706.0,10366860.0,11661588.0,3060335.0,2526144.0,1409340.0,3634963.0,3500313.0,3574477.0,2416533.0,1769860.0,1304353.0,15430678.0,10484268.0,21240960.0,5223540.0,8070016.0,15822509.0,,,,,,,,,
319.3181795238095,,,,614653.0,,,669483.0,641511.0,879118.0,,1021285.0,1295296.0,1703118.0,2268320.0,2546997.0,620375.0,563421.0,,,,767732.0,632273.0,,318137.0,3632282.0,2348767.0,4704746.0,1251716.0,1856559.0,3840841.0,,,190715.0,,,,,,
321.2394216666667,1341156.0,1633860.0,1018976.0,2533321.0,3264365.0,1631900.0,460934.0,1296551.0,1482687.0,1149109.0,1467105.0,1565815.0,7170034.0,5693161.0,3821121.0,1063676.0,1200237.0,356602.0,1765023.0,2621524.0,2201803.0,773563.0,788384.0,967736.0,4532396.0,4935295.0,4864312.0,7295478.0,5713440.0,4611754.0,,,,,,,,,
321.2757477777778,,368927.0,148683.0,385040.0,540052.0,643746.0,,270040.0,,1078121.0,2003740.0,1898122.0,,705273.0,,187252.0,249240.0,112349.0,395242.0,435046.0,494761.0,,,231130.0,,,,,,391721.0,,,,,,,,,
321.3146629411764,,,210769.0,727604.0,,735496.0,,205738.0,409929.0,,,,572743.0,1001773.0,958853.0,,,172437.0,398260.0,614604.0,338117.0,,,,799337.0,1554597.0,568918.0,1670380.0,1650479.0,,,,,,,,,,
322.2427283333333,316820.0,,,,669540.0,265215.0,,,231777.0,,,,1269193.0,1004571.0,675461.0,175871.0,286625.0,,241753.0,461885.0,383592.0,,123867.0,239612.0,,747915.0,809306.0,1170927.0,974461.0,,,,,,,,,,
323.2250142105263,,,,1978919.0,2968571.0,1121129.0,,,275325.0,15791414.0,10356062.0,7600630.0,24433806.0,19413924.0,29728392.0,,,,1465845.0,2737354.0,2020985.0,,,,9639328.0,13721861.0,14988587.0,15910119.0,13488400.0,15476724.0,,,,,,,,,
324.228525,,,,412537.0,635407.0,,,,,3199748.0,2121258.0,1403523.0,5716080.0,4490053.0,6898815.0,,,,,515687.0,449308.0,,,,2135466.0,2971594.0,3498998.0,3488961.0,2905243.0,3689378.0,,,,,,,,,
325.320815882353,,428061.0,164459.0,477671.0,,629212.0,331084.0,365684.0,441377.0,,,1060212.0,,1103395.0,1091673.0,,405849.0,290056.0,,,497031.0,400802.0,,,1811194.0,,2589192.0,,648605.0,,,,,,,,,,
326.12557391304347,,894544.0,599171.0,1418796.0,,1042816.0,849033.0,731115.0,980044.0,1663365.0,1887560.0,1517222.0,2509975.0,2316682.0,2060354.0,376504.0,,,1178255.0,1520490.0,,,,,3283502.0,2126739.0,1756765.0,1423244.0,1384478.0,1187270.0,,,,,,,,,185458.0
326.3774607692308,,,,223346.0,,243305.0,,,,253079.0,,,453302.0,546981.0,604348.0,326741.0,,,,,,,,,3561375.0,,928803.0,513193.0,646617.0,1110882.0,,119859.0,,,,,,,
327.18372692307696,,,,,,,,,,1784740.0,1447951.0,954005.0,1451230.0,1182819.0,1840658.0,,,,,,401218.0,,,,1053079.0,1290008.0,1623388.0,1298680.0,1103047.0,1368415.0,,,,,,,,,
327.22007966666666,2256291.0,2920243.0,1780866.0,7459772.0,11072685.0,4291427.0,3687384.0,2993907.0,2988338.0,2216384.0,3049034.0,1687709.0,11014738.0,7398215.0,8060902.0,1435787.0,1733520.0,449977.0,5217274.0,9234285.0,8283934.0,753808.0,1053937.0,1372334.0,7517286.0,9654808.0,9927511.0,10711056.0,8116410.0,10111086.0,,,,,,,,,
328.14252944444445,,,,514407.0,644510.0,544273.0,192315.0,,,5392216.0,2380832.0,3096669.0,3201613.0,3123921.0,2802551.0,,,,733869.0,734718.0,481305.0,,,,1839673.0,2407622.0,,2023900.0,2106879.0,2686935.0,,,,,,,,,
328.2232968421052,,,322582.0,1207399.0,1728967.0,652229.0,,,,,419460.0,271502.0,1632053.0,1015438.0,1208720.0,187413.0,,,797557.0,1401659.0,1281545.0,,,,1075034.0,1315101.0,1276443.0,1442643.0,1101554.0,1366358.0,,,,,,,,,
329.241954375,,348420.0,464326.0,851850.0,,,,319130.0,324458.0,879805.0,1456747.0,,1721801.0,,602569.0,180619.0,,,564879.0,779938.0,,,,,1311336.0,1343428.0,,1402039.0,842288.0,,,,,,,,,,
331.18731692307693,,,,738119.0,,700199.0,,,,1529614.0,2179509.0,2217705.0,,614292.0,,,,,,752390.0,822257.0,,,,754252.0,543689.0,464529.0,,510973.0,390207.0,,,,,,,,,
332.29181559999995,650611.0,1242653.0,872095.0,2340201.0,814895.0,,582656.0,,1344470.0,1529278.0,2525225.0,2233316.0,3814408.0,7174960.0,5411319.0,,,369374.0,917905.0,1939022.0,1070636.0,524843.0,,295553.0,4227707.0,7963080.0,2677864.0,9025949.0,8470862.0,1508477.0,,,,,,,,,
332.3305560714286,933712.0,1352926.0,,,1805686.0,2655669.0,1684148.0,1812001.0,2078479.0,3198491.0,3371900.0,4243935.0,5610892.0,6294773.0,6883900.0,2033745.0,1542328.0,839972.0,2427159.0,2156104.0,2403338.0,1652281.0,1123239.0,935277.0,10614829.0,6413035.0,12823130.0,3854449.0,5901042.0,11061849.0,,,,,,,,,
333.33373722222217,,341113.0,,523714.0,,,,467044.0,,,951312.0,1295401.0,1441056.0,1646929.0,,476675.0,441457.0,241404.0,,541970.0,588785.0,423793.0,,,2995788.0,,3539511.0,1086892.0,1746103.0,2964281.0,,,,,,,,,
334.30726307692316,,,141398.0,360679.0,,,,,,694727.0,634402.0,921472.0,969249.0,1034127.0,,,,,,378206.0,,,,,752930.0,913795.0,734934.0,1065549.0,879441.0,,,,,,,,,,
336.325615,,,388311.0,859143.0,325712.0,1114467.0,324224.0,,,2070571.0,,2311335.0,973008.0,,1361274.0,,282437.0,277197.0,555070.0,,455527.0,,209755.0,,1392896.0,1974071.0,1037281.0,2177732.0,2667862.0,854733.0,,,,,,,,,
337.30713,177752.0,290204.0,,403923.0,457120.0,358948.0,,,,,,374114.0,719399.0,539853.0,,,,,362997.0,477707.0,417031.0,,,,1395493.0,1001830.0,,941276.0,651933.0,417083.0,,,,,,,,,
338.30951733333336,,593201.0,,1021799.0,,1254979.0,372856.0,,680771.0,,,,1017475.0,1872030.0,1689277.0,,,,634976.0,948710.0,,342705.0,,,1558500.0,2340327.0,,2805790.0,2902847.0,,,,,,,,,,
338.32367799999986,636473.0,1168242.0,776005.0,2314135.0,779062.0,2717379.0,887072.0,,1500275.0,,,,2417861.0,4429616.0,4070543.0,,561575.0,,1340993.0,2119959.0,1028535.0,,,,3218917.0,5479624.0,2354631.0,6520128.0,6811585.0,,,,,,,,,,
338.34113266666657,18695066.0,34110404.0,23483598.0,68547096.0,22209862.0,78893800.0,25384624.0,20147794.0,41823876.0,20876804.0,26985814.0,27162062.0,70948712.0,131636080.0,119833424.0,12857132.0,16796712.0,18402070.0,37128944.0,62148888.0,29854936.0,24987304.0,16867870.0,11552639.0,95398312.0,162608208.0,67934952.0,195395392.0,203242432.0,48393688.0,,,,,,,,,
339.344374,3866061.0,6966308.0,4870125.0,14086278.0,4611191.0,17112790.0,5205048.0,4132026.0,8467362.0,4500430.0,5795140.0,5915465.0,15750603.0,29587942.0,26292560.0,2614610.0,3550001.0,3902111.0,7667357.0,13079380.0,6311746.0,5069509.0,3440386.0,2349383.0,21572836.0,36802716.0,14938102.0,44782236.0,45929760.0,10855225.0,,,,,,,,,
339.59099222222216,1271205.0,,,3537073.0,4030711.0,,3122721.0,1744320.0,2169601.0,11763164.0,9848119.0,6374752.0,6976068.0,6590180.0,9661232.0,,,,,,,214811.0,,,6909395.0,5925235.0,4494569.0,,2646471.0,2813745.0,,,,,,,,,
340.0927644444444,418467.0,502290.0,575561.0,1185303.0,1352223.0,686064.0,1103229.0,551891.0,760280.0,4457897.0,3776766.0,2323374.0,,,3510623.0,262122.0,358347.0,,,1062924.0,1294457.0,,,,,,,1217054.0,,,,,,,,,,,
340.3478347368421,,,,,496123.0,,545067.0,413407.0,,527468.0,700525.0,676193.0,,3300524.0,2912080.0,237377.0,,365271.0,,1351879.0,620739.0,572934.0,338957.0,,2574754.0,4128242.0,1737740.0,,5328125.0,1345288.0,,,,,,,,,
341.1815133333333,,684840.0,,1803895.0,2774460.0,1073506.0,891743.0,671023.0,683784.0,1554973.0,,,8890884.0,,,,,,1291931.0,2382944.0,1852398.0,,,,4681621.0,6408632.0,6552645.0,7273535.0,5727179.0,6376679.0,,,,,,,,,
341.1992873333333,12940861.0,18545824.0,10877928.0,49669016.0,75263104.0,29436018.0,23123744.0,18623600.0,18444376.0,49470816.0,41122996.0,21277522.0,280221056.0,209693888.0,295070400.0,8909610.0,11861359.0,2391647.0,36004716.0,65245120.0,52017232.0,5460031.0,6581528.0,7560106.0,144578640.0,199207232.0,202198976.0,228786240.0,180095184.0,200891120.0,,,,,,,,,
341.23572882352937,1669287.0,2232050.0,1415105.0,1861233.0,2720639.0,,2772865.0,2394946.0,2349697.0,,1081902.0,,,,,1181899.0,1614984.0,358716.0,,2347868.0,2063784.0,737875.0,800625.0,949761.0,,,,,,,,,,,,,,,
342.20253850000006,2167280.0,3218817.0,1965975.0,8627715.0,12729659.0,5061604.0,3907526.0,,3264118.0,9012281.0,7360577.0,,,,,1448760.0,2048071.0,,5850005.0,10815548.0,8714871.0,935575.0,1086956.0,1404738.0,,,,37078168.0,29225130.0,,,,,,,,,,
342.2389561538461,340277.0,,307452.0,376391.0,517922.0,236352.0,541333.0,412389.0,498881.0,,,,,,,262496.0,342688.0,,,498358.0,374353.0,145564.0,,,,,,,,,,,,,,,,,
343.20605666666665,,295931.0,150915.0,727402.0,1046697.0,396999.0,252975.0,,,,,,3156335.0,2438384.0,3416026.0,,137463.0,,,813234.0,,,,119150.0,1622129.0,2303648.0,2151818.0,2675649.0,2118231.0,2359797.0,,,,,,,,,
343.29495785714283,,,,330148.0,,,,176403.0,,1132663.0,619954.0,777439.0,448961.0,,343100.0,847304.0,,,,,509790.0,,,,,,607053.0,917520.0,533837.0,,176576.0,,,,,,,,107777.0
344.8748692857143,,,,,397291.0,,,,,5861825.0,2483202.0,1430084.0,1691693.0,1418696.0,4237934.0,,,,,220445.0,,,,,655563.0,1128202.0,1182373.0,966186.0,978713.0,770576.0,,,,,,,,,
345.2305464705882,2656117.0,3085297.0,2240581.0,467783.0,751648.0,305791.0,3797064.0,3269928.0,3170541.0,,,,,,,1681866.0,2198647.0,548461.0,,600136.0,650174.0,1123555.0,1393670.0,1594044.0,,,,,,,,,,,,,,,
346.34615791666664,448970.0,609603.0,322343.0,1033014.0,855554.0,1238196.0,739814.0,,932976.0,2343461.0,2718086.0,,2941335.0,3381536.0,4002119.0,939098.0,757957.0,439521.0,1197075.0,1068354.0,1177638.0,836249.0,583327.0,398783.0,,,,2152896.0,3291993.0,,,,,,,,,,
349.08863499999995,,,,406274.0,,725260.0,,,,418138.0,1396391.0,,2140262.0,2565255.0,1562103.0,,,277080.0,988340.0,631220.0,619208.0,543138.0,391641.0,,2519494.0,1810983.0,3918047.0,1761375.0,3824547.0,,,,,,,,,,
349.12524923076916,,,,,,,,,,,,,13729177.0,15717771.0,14732388.0,,,,1397261.0,1025414.0,544250.0,,,,10398264.0,8382850.0,14597234.0,840974.0,1711423.0,2107394.0,,,,116210.0,,,,,
351.2499738461538,,488112.0,,,455147.0,526290.0,,,244807.0,1979688.0,,3681454.0,1501720.0,,,,,,519461.0,437958.0,427570.0,,131435.0,,1657888.0,,,,,945781.0,,,,,,,,,
351.25017399999996,226906.0,,161233.0,476221.0,,,152552.0,289032.0,,,2910813.0,,,1258799.0,875616.0,,294672.0,190803.0,,,,,,165472.0,,1630282.0,1208841.0,3118872.0,1570166.0,,,,,,,,,,
352.3205126666666,,,,289093.0,,,,,,4653812.0,2921555.0,4892272.0,611759.0,1105205.0,758504.0,,,,,386444.0,228393.0,128384.0,,,777180.0,,625650.0,847726.0,1407926.0,532162.0,,,,,,,,,
353.22912,,1128419.0,,2094693.0,2287600.0,1004410.0,,,,1977195.0,2069093.0,,6037479.0,,2560240.0,,498082.0,,,2121189.0,1747764.0,,,549929.0,,2701924.0,3013589.0,3807798.0,,,,,,,,,,,
353.265570625,978296.0,983996.0,973277.0,3286086.0,,1441055.0,991313.0,1070160.0,,,,,,3431236.0,3336980.0,1059725.0,1600301.0,,7886873.0,,,1834872.0,1102464.0,1090683.0,,,,,,3479771.0,,,,,,,,,
353.26571187499997,,,,,1758226.0,,,,5884684.0,7074472.0,10464240.0,14349798.0,6904746.0,,,,,690745.0,,4330471.0,5845477.0,,,,4435281.0,4212903.0,5012184.0,3329177.0,5718874.0,,,,,291129.0,,,,173261.0,
354.26884866666666,,,137989.0,662902.0,,321558.0,,,1218446.0,,1991538.0,,1465706.0,,,,,,1493587.0,908194.0,1181410.0,411324.0,275314.0,260191.0,,816431.0,1011895.0,,1115762.0,,,,,,,,,,
355.172128,330634.0,317393.0,,1077001.0,850083.0,1409057.0,,,448656.0,,,,8107072.0,9085537.0,7894156.0,,,,1311217.0,1663558.0,644566.0,710069.0,,412681.0,5335428.0,5905208.0,7865615.0,1575118.0,2732785.0,3481083.0,,,,,,,,,
355.21495533333325,,,188016.0,,,508760.0,,,303999.0,2993431.0,2361376.0,1179959.0,3175779.0,2318566.0,4076545.0,,,,,,,,,,1974382.0,2339419.0,2477314.0,2920977.0,2461733.0,2530926.0,,,,,,,,,
355.25123071428567,3103630.0,4260983.0,2668519.0,7444356.0,10929043.0,4535932.0,5272732.0,,,,,,,,,2139147.0,2596980.0,577048.0,5196892.0,9162850.0,7885517.0,1244517.0,,,,,,,,,,,,,,,,,
355.25142187499995,,,,,,,,4349053.0,4302401.0,2463243.0,3735187.0,2829771.0,10053671.0,6042474.0,6806902.0,,,,,,,,1513182.0,1870080.0,6114600.0,8341150.0,7444277.0,9970388.0,7204232.0,8025362.0,,,,,,,,,
356.17523538461535,,,,393601.0,318646.0,382352.0,,,,,,,2379454.0,,3298693.0,,,,,499794.0,220267.0,,,,1636439.0,1951915.0,2473070.0,1007610.0,990968.0,1148925.0,,,,,,,,,
356.25481681818184,763416.0,,581734.0,,2633410.0,,1250773.0,,1027583.0,,1001245.0,,2733589.0,1520700.0,1809158.0,502265.0,728518.0,,1288172.0,2389933.0,1871688.0,268196.0,,402632.0,1590812.0,2347465.0,2008605.0,2691072.0,1986991.0,2140452.0,,,,,,,,,
357.17172800000003,,207935.0,,646475.0,550561.0,,,,,,,532580.0,1902371.0,1785428.0,1471964.0,,161200.0,,627245.0,529240.0,,,,,1265747.0,2138909.0,4364173.0,2067453.0,,1590406.0,,,,,,,,,
358.30746058823524,373797.0,363175.0,,1068549.0,,1080764.0,247741.0,,673252.0,,1162576.0,,2385604.0,4561066.0,3525410.0,,,152257.0,,865554.0,,,,,2336207.0,5053440.0,1528351.0,6196505.0,6082928.0,,,,,,,,,,
359.20997269230764,17821072.0,22740144.0,14989934.0,4052800.0,6001186.0,2755068.0,26952604.0,23536078.0,21950406.0,,,,1010922.0,,627724.0,11849904.0,16160491.0,3919807.0,2807286.0,4834437.0,4798102.0,7714919.0,9735301.0,11268242.0,1035985.0,1312049.0,998475.0,1482978.0,937308.0,1106895.0,,,,,,,,,
359.31536642857145,,,,,,,,,837118.0,729477.0,,1485329.0,,,,,187315.0,,1534345.0,,856053.0,,164885.0,156142.0,,,,,,,450125.0,,292342.0,595117.0,,366329.0,701936.0,,443673.0
360.213295,3414727.0,4318442.0,2974183.0,,1127306.0,,5020988.0,4443317.0,4109872.0,,,,,,,2239605.0,3082605.0,772004.0,,,921323.0,1432957.0,1872266.0,2221602.0,,,,,,,,,,,,,,,
360.3033446153846,,,,,,,,,,2455425.0,3375224.0,3247393.0,4219193.0,7684340.0,5929323.0,,,,,2037006.0,,,,,4648982.0,8407439.0,3403302.0,11232967.0,9599095.0,1812036.0,,,,,,,,,
360.323104,19276842.0,24129868.0,21668170.0,60660268.0,21682030.0,54102724.0,13443967.0,14061881.0,30796898.0,74098304.0,99101368.0,95458848.0,116855480.0,213720304.0,167366640.0,8492775.0,10972414.0,10319953.0,25474070.0,50410352.0,27446682.0,13431278.0,8272436.0,7631410.0,121922264.0,238615312.0,96393640.0,310368832.0,267349888.0,51293028.0,,,,,,,,,
360.3624614285714,,,,,,,583284.0,,,3994472.0,4570525.0,5285959.0,,,,890556.0,591135.0,,1062160.0,,990420.0,532530.0,510796.0,,,,5224682.0,,,6333032.0,,122308.0,136678.0,,,,,,
361.1463447368421,230305.0,436735.0,,,329996.0,485820.0,,327516.0,210751.0,,,854400.0,1008433.0,1002888.0,794572.0,,200660.0,,525249.0,400094.0,,,,,1328129.0,1105427.0,869820.0,1828410.0,1180981.0,766395.0,,,,,,,,,
361.326445483871,4138367.0,5011621.0,4672417.0,13641409.0,4817077.0,11621355.0,3011134.0,2962301.0,6592540.0,14740667.0,19834510.0,19387260.0,25517460.0,46033752.0,36756320.0,1788629.0,2355151.0,2157218.0,5357907.0,10834898.0,5963675.0,2735749.0,1817456.0,1617411.0,24863764.0,49425496.0,19842038.0,64998028.0,55433676.0,10623281.0,,,,,,,,,322882.0
362.30235000000005,,864229.0,585212.0,,1647512.0,1811278.0,,,,2121728.0,1324153.0,2442114.0,6349868.0,6381882.0,2891600.0,,292191.0,,2359405.0,2165771.0,1386114.0,565925.0,,407405.0,3532030.0,4623739.0,3800004.0,3882592.0,4318764.0,4383513.0,,,,,,,,,
362.329978,,765034.0,641896.0,2038558.0,630901.0,1580871.0,438550.0,431834.0,871729.0,,,,,,5162067.0,,,339193.0,,1504404.0,853299.0,,,,,6721085.0,,8965746.0,7765470.0,,,,,,,,,,
363.110973125,,,,380437.0,,354919.0,,,,2369009.0,1623199.0,2064474.0,1119930.0,892400.0,1592123.0,,,,,462330.0,455908.0,,,,1241662.0,1393330.0,1133285.0,1309374.0,1055085.0,912188.0,,,,,,,,,
365.19931730769235,2501803.0,2039881.0,1801648.0,2067658.0,3620821.0,1274561.0,3654542.0,2919498.0,2837210.0,553235.0,,,8658918.0,8081484.0,11603602.0,982150.0,1436434.0,,1243997.0,2717177.0,2026539.0,591962.0,950990.0,925507.0,3271995.0,5783710.0,,8235468.0,4702115.0,4994758.0,,,,,,,,,
366.2027040000001,426616.0,,280295.0,385023.0,746664.0,226029.0,,,576498.0,,,,1668995.0,1568112.0,2169919.0,197755.0,259676.0,,247053.0,528931.0,373191.0,,211237.0,,716511.0,1116383.0,,1522938.0,862373.0,952994.0,,,,,,,,,
366.372340625,341972.0,641159.0,,1226755.0,458139.0,1586126.0,553745.0,402643.0,,,874618.0,,,,,283486.0,,325722.0,773332.0,1286816.0,671914.0,478702.0,,,,,,5064980.0,4603839.0,,,,,,,,,,
366.37258307692304,,,387856.0,,,,,,712250.0,602877.0,,779521.0,1957649.0,4022728.0,3333361.0,,,,,,,,328117.0,249256.0,2323953.0,3790186.0,1906752.0,,,1316182.0,,,,,,,,,
367.2150203448276,5167820.0,4692174.0,3638865.0,5220679.0,8842762.0,3223216.0,7240261.0,6186610.0,6074825.0,3751283.0,3287500.0,,26038288.0,22404740.0,33342954.0,2145976.0,3411685.0,811606.0,3025571.0,7111132.0,5333518.0,1300099.0,2100205.0,2040914.0,11159732.0,18364128.0,19456970.0,25487110.0,14988255.0,15498445.0,,,,,,,,,
368.2183876923078,1050735.0,922175.0,669208.0,1140107.0,1806114.0,,1462743.0,1240010.0,1204752.0,864955.0,765920.0,,5415073.0,4505916.0,6544149.0,486826.0,726254.0,,671864.0,1409162.0,1087938.0,252871.0,,430683.0,2338736.0,3677086.0,4065019.0,5201697.0,3208827.0,3215949.0,,,,,,,,,
368.4245994444444,,,,489729.0,588734.0,,,,165644.0,11436606.0,4802935.0,2583333.0,1464746.0,795117.0,763182.0,,,,442334.0,,,128181.0,,225596.0,680461.0,983251.0,2293163.0,973088.0,1661314.0,2000578.0,,,,,,,,,
369.23065833333334,18092616.0,25397656.0,15186951.0,47241916.0,70748024.0,28652010.0,29890234.0,25631234.0,25632440.0,139584672.0,115582912.0,80916776.0,311529408.0,233332784.0,321779648.0,12108993.0,16658047.0,3379566.0,32402540.0,61864548.0,49541924.0,7452592.0,8961454.0,10633402.0,137430256.0,218153312.0,201994352.0,277349504.0,205713968.0,205572048.0,,,,,,,,,
370.23392400000006,3120005.0,4534604.0,2686344.0,8108198.0,12193673.0,4960838.0,5352946.0,4455351.0,4384430.0,,,,50257412.0,37831816.0,55129380.0,2099141.0,2821707.0,610748.0,5723519.0,10704503.0,8559680.0,1309872.0,1537901.0,1784795.0,,33987736.0,,44783536.0,32713216.0,32542216.0,,,,,,,,,
371.2369642105263,377217.0,480966.0,,952525.0,1363954.0,,,,,2081439.0,1873730.0,1298201.0,5613297.0,4199674.0,6113769.0,,,,721137.0,,971026.0,,206943.0,,2137622.0,3558324.0,3201339.0,4658998.0,3486568.0,3398180.0,,,,,,,,,
373.22548611111114,18581750.0,24134246.0,15228937.0,13723286.0,20646324.0,8223632.0,31774488.0,24611532.0,23239566.0,,,,,,,11610322.0,15928427.0,3764660.0,9048434.0,17474592.0,15326027.0,7353719.0,9340873.0,10695973.0,,,,,,,,,,,,,,,
374.228931111111,3905038.0,5087640.0,3155080.0,2859865.0,4399742.0,1756887.0,6577966.0,5112251.0,4832676.0,,,,,,,2482902.0,3176069.0,689056.0,1860729.0,3602010.0,3133795.0,1382611.0,1987567.0,2263858.0,,,,,,,,,,,,,,,
374.3774433333333,341792.0,,296650.0,1068865.0,843647.0,1296338.0,733209.0,,,,,,3836783.0,4748849.0,5356186.0,,636038.0,,1371147.0,1149531.0,1049135.0,,461726.0,,4014259.0,3271397.0,,3479057.0,5269379.0,,,,,,,,,,
375.0381357894737,,,,820670.0,791317.0,1028684.0,,,,2416084.0,2461228.0,2400794.0,3636959.0,3938851.0,6561593.0,,,,596549.0,535144.0,363732.0,,,,1509795.0,1796145.0,3017352.0,2481888.0,3443263.0,6470868.0,110739.0,,,,,,,,
375.2584734615384,1488975.0,2108969.0,1860254.0,2853050.0,3223142.0,2315101.0,3216004.0,3658680.0,3431065.0,,,,4190943.0,2647924.0,2335661.0,2659818.0,2249030.0,1044376.0,3548336.0,4316274.0,3809787.0,,1225588.0,1191913.0,3660024.0,4700310.0,4737897.0,4387498.0,3816670.0,5716319.0,,,,,,,,,
375.38068499999997,,,,329714.0,,449194.0,,242389.0,245960.0,949334.0,,,1193352.0,1579245.0,1784960.0,357301.0,,,463989.0,,356322.0,,,,1390943.0,1108792.0,,1223607.0,1633918.0,2287013.0,,,,,,,,,
376.2969903333334,2492862.0,3131947.0,3448100.0,8714266.0,3544973.0,5746226.0,3610458.0,2307572.0,3830078.0,10599021.0,9548543.0,16660335.0,16986826.0,32785632.0,38693996.0,1782535.0,1770280.0,1706024.0,3354877.0,7514520.0,4356435.0,1236191.0,837789.0,746752.0,12791190.0,29100268.0,11976731.0,52678104.0,38035492.0,8537875.0,,,,,,,,,
376.31825133333336,,536703.0,459613.0,1207962.0,652145.0,,,,,,,,4605324.0,7276162.0,3855727.0,,193438.0,,,,823955.0,,,,2928728.0,4713198.0,2265373.0,5980121.0,6232357.0,1710652.0,,,,,,,,,
377.2560286666667,,,343003.0,,453779.0,,569541.0,594393.0,597895.0,,,,664274.0,402994.0,,478118.0,423161.0,168097.0,576179.0,,,,,218418.0,637148.0,,,,568215.0,971750.0,,,,,,,,,
377.3004752173914,645496.0,885187.0,,2146825.0,967105.0,1408974.0,801422.0,527278.0,936030.0,,,,4530162.0,8608233.0,10394505.0,489364.0,342084.0,364762.0,867518.0,2015477.0,1244960.0,,,,3627042.0,7935362.0,3418282.0,14524548.0,10735908.0,2463941.0,,,,,,,,,
378.29551733333335,151048.0,,,634346.0,317623.0,,,,285006.0,1125548.0,1023179.0,1618294.0,1356375.0,2420487.0,2951474.0,,,,,583514.0,,,,,,2282005.0,,4139534.0,3175316.0,661508.0,,,,,,,,,
380.27662,,621341.0,575856.0,1227286.0,900327.0,1335897.0,,,308501.0,,,,,,3145888.0,258616.0,,,1308666.0,1424506.0,950917.0,325544.0,154843.0,,,,,5165661.0,4986112.0,,,,,,,,,,
381.296975,,2214711.0,,,4022369.0,3217065.0,2413879.0,2597095.0,17098286.0,14702398.0,21037708.0,30857080.0,19680674.0,9682298.0,,2941680.0,,,22168084.0,,16068856.0,,,,10756544.0,11066217.0,15954211.0,,14933598.0,10410490.0,,,,,,,,287010.0,
381.307913125,,,194862.0,,,,,,,1163423.0,1636940.0,,,759194.0,721816.0,,307717.0,199748.0,,,,361535.0,226020.0,259919.0,864017.0,868090.0,1280452.0,674084.0,1112799.0,868715.0,,,,,,,,,
382.30031470588233,,506165.0,512250.0,1704689.0,910216.0,,462748.0,532627.0,3774128.0,,,,3907572.0,,1926979.0,608568.0,881615.0,,4618556.0,2495406.0,3277563.0,907220.0,,,,,,1726232.0,2968730.0,,,,,,,,,,
382.3006207692308,453967.0,,,,,621556.0,,,,2586406.0,3848696.0,5335397.0,,1912562.0,,,,336867.0,,,,,597590.0,613243.0,1988764.0,2132297.0,3180625.0,,,2060629.0,,,,,,,,,
385.225689375,655934.0,615113.0,543013.0,264881.0,1490248.0,,947553.0,868333.0,815560.0,,,,,1902775.0,1967457.0,387459.0,421239.0,,386985.0,,326593.0,,299467.0,284834.0,,,,,,,,,,,,,,,
386.2822606666667,,,,,,,,,,448531.0,504169.0,701697.0,3439391.0,2900878.0,4127053.0,,,,203593.0,228604.0,204868.0,,,,1608260.0,2355503.0,2832659.0,2251311.0,2355677.0,3234721.0,,,,,,,,,
387.20482400000003,,7414096.0,,3513698.0,4784260.0,2063490.0,,5450266.0,4451029.0,920796.0,1251211.0,,8729303.0,5050979.0,6096772.0,,,,2438636.0,4240609.0,3404684.0,,,,5341434.0,7951384.0,6236457.0,15642412.0,7913008.0,7176835.0,,,,,,,,,
387.2413095238095,8831081.0,11915440.0,7533504.0,1872545.0,3037412.0,1285970.0,14030353.0,12503002.0,11510357.0,826855.0,,,,1391917.0,1408527.0,6018017.0,8235212.0,1935207.0,1221404.0,2593425.0,2428876.0,3805345.0,4693720.0,5513733.0,,,,,,,,,,,,,,,
388.20812000000006,637991.0,1201706.0,,568718.0,860204.0,,1434189.0,,770169.0,,,,1631602.0,975308.0,1043264.0,322565.0,624452.0,,476467.0,708464.0,595582.0,,,,962919.0,1626131.0,,3032954.0,1582493.0,1361678.0,,,,,,,,,
388.24464615384625,2277591.0,,1916215.0,464365.0,784964.0,,,3115158.0,2793221.0,,,,,,371973.0,1513476.0,,,,639688.0,576923.0,,1237601.0,1533572.0,,,,,,342532.0,,,,,,,,,
388.35410176470594,,746603.0,581367.0,,,1536021.0,549939.0,451602.0,929983.0,1414343.0,2076644.0,1779241.0,,,5807675.0,337566.0,,286261.0,,1693007.0,,479633.0,,247915.0,,,3485792.0,,7839565.0,,,,,,,,,,
388.39324029411773,652479.0,917104.0,580139.0,2385827.0,1873118.0,2785693.0,1455039.0,1712894.0,1783528.0,6166339.0,6790904.0,,10079709.0,12536102.0,13878942.0,2005695.0,1060112.0,747036.0,2938626.0,2585975.0,2237373.0,1232411.0,982278.0,617292.0,10822942.0,8185131.0,15267523.0,10086799.0,14442479.0,20425932.0,251492.0,216078.0,252987.0,,,,134656.0,,152335.0
389.2743656,700265.0,,820053.0,,1372914.0,891668.0,1475650.0,1928762.0,1672093.0,,699268.0,690332.0,4113409.0,3097190.0,3305696.0,1205919.0,936915.0,,1428797.0,1567190.0,1514745.0,537317.0,624127.0,549937.0,,3975089.0,4175942.0,3559881.0,3251277.0,5018507.0,,,,,,,,,
389.3965972727273,,,193813.0,759034.0,589512.0,799825.0,515028.0,,574711.0,2070507.0,2330915.0,2428293.0,3198728.0,3730621.0,4270585.0,,,,888874.0,787517.0,,459612.0,,,3491863.0,2607958.0,4857903.0,3149916.0,4556868.0,6419087.0,,,119181.0,,,,,,
390.2768707692308,203932.0,249601.0,,,,,282800.0,366663.0,,2539142.0,1423699.0,3824900.0,992230.0,,,237896.0,,,,,336659.0,,,,691585.0,,,943653.0,863593.0,,,,,,,,,,
390.27722692307697,,,237222.0,281164.0,300622.0,335754.0,,,352209.0,,,,,817768.0,890398.0,,,,301581.0,380978.0,,,183575.0,,,944854.0,1080977.0,,,1128037.0,,,,,,,,,
391.2842592307692,,,,,256370.0,595971.0,,,,,1988718.0,,,581178.0,904578.0,,,,,,425887.0,,,,1867209.0,1336156.0,2720524.0,,1246356.0,,1275975.0,,1128149.0,,,2122153.0,,,
391.35438058823524,,260937.0,,197933.0,,218332.0,,,,3761835.0,4128709.0,3225937.0,870611.0,937569.0,1053311.0,,,,157215.0,,496302.0,,,,775837.0,864227.0,1692641.0,863226.0,958871.0,446920.0,,,,,,,,,
391.40430722222214,141873.0,,,368514.0,339024.0,,240228.0,,,1180800.0,1265881.0,1516468.0,1683962.0,1674240.0,2066899.0,362384.0,,,497731.0,363453.0,450597.0,,,,1750360.0,,,1304788.0,1979738.0,2859521.0,,,,,,,,,
392.3130617647059,,392697.0,370296.0,964397.0,,949798.0,,,,,,,2898109.0,4543991.0,2865419.0,,122966.0,,480771.0,947216.0,695680.0,,,131011.0,2191019.0,,1630288.0,5441692.0,4879479.0,1250806.0,,,,,,,,,
393.29697956521727,,769535.0,304916.0,1151782.0,843007.0,909071.0,294091.0,419254.0,440410.0,9326478.0,11811283.0,13156714.0,3842819.0,,3470768.0,547525.0,365552.0,159637.0,1259529.0,1274920.0,1089427.0,,,295099.0,,,,4417429.0,3965446.0,,,266890.0,,,,,,,
394.2623594117647,,401301.0,,612299.0,263322.0,501592.0,719530.0,,406476.0,,,,1559559.0,2832040.0,4676482.0,,,109256.0,243243.0,,,,136558.0,,1383550.0,3367451.0,1138326.0,4227213.0,3232148.0,,,,,,,,,,
397.41472727272725,,,344816.0,568279.0,,574079.0,385613.0,345133.0,644938.0,,,489680.0,,2572461.0,1809114.0,297525.0,,650878.0,343002.0,503604.0,346302.0,752111.0,466916.0,,1758520.0,2807077.0,1526817.0,2577798.0,2870451.0,820628.0,,,,,,,,,
399.1984417647059,,,,3080540.0,3266760.0,1331842.0,,,,,,,9916068.0,,3938403.0,429642.0,416388.0,,1879503.0,3057582.0,2605555.0,,332239.0,636392.0,,4044680.0,4327255.0,4813309.0,7060176.0,6308405.0,,,,,,,,,
399.3076106666666,,,704345.0,812690.0,955302.0,511694.0,1344403.0,737140.0,837993.0,668083.0,,,,,2857194.0,466790.0,,,,1420133.0,975336.0,,,,,,,,,,203377.0,,,,,,138850.0,328231.0,
399.30788533333333,654377.0,354517.0,,,,,,,,,,,3068185.0,2362481.0,,,,206674.0,620283.0,,,255630.0,,,2062523.0,1788916.0,2371007.0,2144832.0,2639477.0,2859095.0,,,312610.0,118469.0,,,,,
401.2570919230769,6316850.0,8669008.0,5184788.0,3810903.0,5733484.0,2448036.0,11191245.0,9244517.0,8853202.0,,,,2802183.0,1806317.0,2304193.0,4123966.0,5476199.0,1164813.0,2306855.0,4612784.0,4488050.0,2483792.0,3179762.0,3695969.0,,2378868.0,2084374.0,3362264.0,1995069.0,2046602.0,,,,,,,,,
402.2601972727273,1661500.0,2198819.0,1390573.0,974057.0,1483165.0,636404.0,,2448552.0,2252525.0,,,338316.0,746387.0,449472.0,609024.0,1077912.0,1468503.0,396199.0,594914.0,1164690.0,1166720.0,707395.0,877295.0,,,,,1031860.0,,586619.0,,,,,,,,,
402.35725047619053,,323075.0,1003449.0,1607276.0,603571.0,,,,161714.0,758794.0,566013.0,1134862.0,1262067.0,641092.0,812498.0,1281273.0,461729.0,,1186174.0,1356072.0,308518.0,472454.0,,,5336463.0,693836.0,1432449.0,3266766.0,,,,,,,,,,,
402.4089926315789,,,259301.0,,736082.0,,,645562.0,,1876514.0,2124726.0,2649102.0,3349902.0,3816981.0,4912742.0,,,,1119310.0,811563.0,872473.0,,,,3599313.0,3131950.0,5604885.0,3512399.0,5001587.0,7147783.0,,,154471.0,,,,,,
403.2897433333333,1028910.0,1400589.0,1310982.0,1425339.0,1883182.0,1378563.0,1965438.0,,,,,,,1330872.0,1175633.0,1753386.0,,,,2406675.0,2186078.0,749592.0,875612.0,852463.0,,,,,,,,,,,,,,,
403.2899506250001,,,,,,,,2725307.0,2579319.0,,795154.0,993802.0,2300439.0,,,,1689990.0,775946.0,2065269.0,,,,,,2204717.0,3099197.0,2797904.0,2949040.0,2400581.0,3725725.0,359090.0,,381183.0,,,,,,
403.40413923076926,,302078.0,,383543.0,,472497.0,,345885.0,,1119281.0,1214416.0,,,,,438756.0,363576.0,,572861.0,,458934.0,399297.0,290484.0,,,,,,2318282.0,,,,,,,,,,
403.4044561538461,238059.0,,,,322154.0,,345802.0,,,,,1237950.0,1655068.0,1898021.0,2365791.0,,,,,477043.0,,,,,2004522.0,1657929.0,2857656.0,1472363.0,,3250032.0,,,,,,,,,
404.292315,,373317.0,355002.0,,507113.0,,542007.0,,638437.0,,,,,337830.0,,459609.0,,201212.0,494041.0,620760.0,,245653.0,,,583826.0,756221.0,,,,936830.0,,,,,,,,,
404.57026071428567,219285.0,,,,805489.0,,515792.0,330765.0,,4159780.0,,,1381441.0,1290627.0,2810562.0,,,,,,631096.0,,,,975403.0,1086843.0,868378.0,,394282.0,452089.0,,,,,,,,,
405.41995566666657,3608009.0,5361401.0,2917974.0,7702189.0,7308718.0,10353648.0,6640156.0,7592302.0,7932443.0,16888262.0,19625946.0,22558476.0,32302278.0,36768892.0,45086640.0,9031142.0,5195941.0,3635704.0,11451411.0,8772916.0,8450632.0,6962274.0,5808678.0,3552888.0,39972580.0,29555642.0,53996800.0,26988184.0,43173860.0,66162480.0,,,,,,,,,
406.29228875,,592549.0,,940285.0,876594.0,1051463.0,,,,3045224.0,,,3743533.0,,2087394.0,,,,1183427.0,1068096.0,841008.0,329097.0,,,,3004840.0,2110743.0,3111337.0,2956485.0,2295862.0,,,,,,,,,
406.316081875,,,181369.0,517477.0,,562755.0,,,331143.0,922610.0,1157034.0,1606549.0,2391807.0,,6571523.0,,,,,641376.0,376046.0,,,,2144279.0,,2447753.0,4470330.0,6913254.0,,,,197301.0,,,,,,
406.4233092,767814.0,1206977.0,607794.0,1674947.0,1668751.0,2211599.0,1432838.0,1638544.0,1826804.0,,,,6892403.0,7874595.0,9406121.0,1989191.0,1128476.0,,2542946.0,1856046.0,1809532.0,1587481.0,1185751.0,,8611668.0,6294109.0,11670720.0,5588044.0,9296714.0,14010249.0,,,,,,,,,
407.42664333333335,,,,292343.0,277178.0,376336.0,,247012.0,224874.0,530649.0,,,1213167.0,1310489.0,1611215.0,,,,,,,,,,1494603.0,1029056.0,1974297.0,959882.0,1530517.0,2319953.0,,,,,,,,,
408.30806,4262471.0,26674712.0,16781204.0,30649914.0,31728396.0,38091880.0,2844416.0,5716262.0,7406835.0,57003292.0,36139836.0,59735104.0,158503104.0,176141552.0,80681808.0,7913751.0,7131426.0,2506445.0,47277776.0,41702540.0,30458578.0,13841851.0,4526474.0,9410523.0,80682856.0,118460448.0,86446520.0,113875280.0,118230600.0,95557496.0,,,,,,,,,
409.16167428571424,1080634.0,1001164.0,811952.0,,258562.0,,1832752.0,1692026.0,,,,,,,,964941.0,836949.0,,6471855.0,6758658.0,2841572.0,3144421.0,1426299.0,1306388.0,,,,,,,,,,,,,,,
409.3113190322581,1137441.0,7174104.0,4524052.0,8022313.0,8440181.0,10101990.0,706396.0,1580855.0,2102266.0,15600678.0,10156234.0,16630524.0,44720880.0,50330380.0,22734850.0,2008376.0,1890481.0,791361.0,12525391.0,11430080.0,8121749.0,3798697.0,1145907.0,2512248.0,21876632.0,33505346.0,24316792.0,31473504.0,33158252.0,25923854.0,,,,,108460.0,,,,
409.32395133333335,,536952.0,371484.0,787096.0,693269.0,,,183987.0,,1353895.0,,,3728623.0,,1908163.0,,,,1224527.0,962720.0,,322018.0,,240593.0,1703641.0,,1909274.0,,,2024590.0,,,,,,,,,
410.31455631578945,188101.0,913178.0,562851.0,1070891.0,1153231.0,1324867.0,,,,,,,6172984.0,7115346.0,3102566.0,,,,1607182.0,1562420.0,1037822.0,471417.0,,311187.0,2985622.0,4916197.0,,4436242.0,4654894.0,3686293.0,,,,,,,,,
411.05923187499985,,,,,,427686.0,372524.0,,209108.0,661360.0,910392.0,,2011063.0,1924508.0,3252252.0,226215.0,,,527177.0,,,,,163529.0,1318374.0,1577823.0,2639830.0,1093424.0,1741830.0,,,,,,,,,,
411.19848875,,,,487268.0,,,,,230752.0,,,,2229692.0,2431585.0,2292275.0,,,,402402.0,,,142384.0,,,,841132.0,1391430.0,721874.0,1235850.0,1121721.0,,,506552.0,523668.0,198558.0,321946.0,,,
411.4304246428571,1211860.0,2219716.0,1655801.0,2471989.0,600634.0,3454143.0,1497167.0,1592657.0,3931977.0,1163258.0,,,9625158.0,21202008.0,24089070.0,2017611.0,1262726.0,2560899.0,2238028.0,3267911.0,2666648.0,4775800.0,3255776.0,1853150.0,11239414.0,18748172.0,13330748.0,8661510.0,17374002.0,8439487.0,,,,,,,,,
412.32061099999993,6273679.0,11555858.0,13437328.0,26384246.0,36104624.0,67728216.0,23760414.0,10868941.0,12312110.0,28790454.0,53154152.0,46841136.0,21978858.0,25233272.0,20998682.0,9883545.0,7044188.0,7205344.0,16068683.0,13509277.0,23140312.0,4741810.0,6504146.0,6973967.0,173067808.0,65515692.0,35096244.0,40196500.0,30938828.0,84503504.0,,,,,,,,,
412.43381190476185,326232.0,,421406.0,676008.0,,,,433495.0,1055583.0,354520.0,424844.0,,2825998.0,6406780.0,6928064.0,567279.0,378984.0,,,,,1409093.0,874642.0,518050.0,3289313.0,5787119.0,3936073.0,2690504.0,5479505.0,2406998.0,,,,,,,,,
413.26572333333326,3439482.0,3353055.0,,2322247.0,2619406.0,,688025.0,1147032.0,1070239.0,13013686.0,13138859.0,9425190.0,3431871.0,,5434536.0,1557249.0,916670.0,,3650426.0,2660324.0,2547913.0,720433.0,1876773.0,514850.0,,10473932.0,24848618.0,3486135.0,4432234.0,4575754.0,,,,,,208172.0,,165890.0,
413.3238045,1546449.0,2888095.0,3164078.0,6542726.0,8846620.0,16380630.0,6226749.0,2596975.0,,,,,,,,2514106.0,,1865846.0,,3428387.0,5578777.0,1180119.0,1605597.0,1646012.0,,,,10924072.0,8053931.0,,159867.0,,,,,,151049.0,128605.0,
413.3239785714286,,,,,,,,,2996740.0,8096282.0,14340207.0,12600170.0,5899889.0,6491290.0,5703211.0,,1625842.0,,3784234.0,,,,,,44913992.0,17379662.0,9241774.0,,,23366506.0,,,181689.0,,,,,,
414.26918437499995,557664.0,602991.0,,,466786.0,474214.0,,237926.0,,2278200.0,2323842.0,,,,,274665.0,,,614825.0,467704.0,388883.0,158400.0,,,2810045.0,1830471.0,4403367.0,,,724029.0,,,,,,,,,
414.32724937499995,,,,780022.0,901875.0,1798369.0,,300581.0,388137.0,,1625294.0,,,630736.0,519875.0,,,,351305.0,341110.0,651473.0,,,,4928304.0,1871409.0,973882.0,1207866.0,,2623138.0,,,,,,,,,
415.23621956521737,3265951.0,6307464.0,2274971.0,3628665.0,4354676.0,2202909.0,8401367.0,4972932.0,6600797.0,7876406.0,,,8658011.0,,,2028457.0,3472887.0,542375.0,4460872.0,5122338.0,4890200.0,1374388.0,1683155.0,1607370.0,,,,10670026.0,7140259.0,,,,,,,,,151757.0,
415.2492746666667,254231.0,449159.0,205583.0,284520.0,,,602775.0,376108.0,461565.0,,,,,,525430.0,,271366.0,,333552.0,369970.0,,,150783.0,,,528945.0,,824586.0,,583576.0,,,,,,,,,
415.27276199999994,,578755.0,,,895319.0,,,422368.0,,3657368.0,1646462.0,,,1843371.0,2086119.0,,,,,1004714.0,747248.0,,,,974281.0,1260466.0,2086225.0,1516619.0,958868.0,1042592.0,,,,,,,,,
416.23966899999994,754486.0,1517939.0,,806342.0,,,2039028.0,1191015.0,1469857.0,2054709.0,1803807.0,1743752.0,2006833.0,971067.0,1454043.0,537913.0,,,1039199.0,,1063151.0,,,,1212251.0,1638876.0,1456632.0,2599148.0,,1431599.0,,,,,,,,,
416.3554471428571,,1034498.0,,415354.0,,,,,,3881228.0,2584703.0,,,3017822.0,1593865.0,,,,,520656.0,290807.0,,157151.0,,,1785432.0,923643.0,2381214.0,1715258.0,444600.0,,,,,,,,,
416.4248166666667,,367516.0,,599695.0,,934446.0,474765.0,592940.0,650362.0,1408152.0,,,3312840.0,3639329.0,4358588.0,623592.0,400650.0,,862455.0,,630891.0,425805.0,,,3768994.0,2757707.0,5246147.0,3140399.0,4740420.0,6949460.0,,,,,,,,,
417.1429553333334,,,,,191938.0,,166058.0,,,310652.0,369403.0,,2209250.0,2291416.0,3302252.0,,,,295615.0,286321.0,,,,,1044734.0,1432684.0,1947619.0,385280.0,586559.0,1083692.0,,,,,,,,,
417.3056973333333,221267.0,446867.0,329942.0,,414097.0,,,741157.0,619749.0,,,,1746648.0,1269253.0,1348435.0,,,,,,541221.0,,,,1169108.0,,1816268.0,1374391.0,1418955.0,2212536.0,,,,,,,,,
417.4281961538461,,,,,,,,,,489189.0,,594231.0,1052205.0,1142689.0,,149617.0,,,289229.0,,195456.0,,,,1144129.0,864654.0,1572739.0,880781.0,1348439.0,2114251.0,,,,,,,,,
421.04374538461536,,,,288965.0,,303129.0,362736.0,254202.0,279138.0,,746924.0,744120.0,1012575.0,,1546653.0,,,,,,,,,,,,1054982.0,904285.0,1096161.0,2220467.0,,,,,,,,,
422.2936920689655,4003811.0,7995996.0,5053947.0,12000560.0,5256852.0,10558819.0,16152692.0,4464460.0,8503825.0,23750418.0,18895980.0,,41994968.0,75677880.0,122616792.0,1972808.0,2871334.0,1723548.0,5492968.0,12326372.0,6122374.0,2733304.0,2255101.0,1643669.0,33997204.0,82689544.0,30611678.0,108437072.0,80215000.0,20932418.0,,,,,,,,,
423.2972126086956,854281.0,1453547.0,989052.0,2416887.0,948917.0,2022509.0,2999933.0,903333.0,1756298.0,,,,8096060.0,14690839.0,24031874.0,,,375124.0,1003136.0,2347813.0,1217793.0,,436555.0,,6496916.0,15622448.0,5749969.0,20526690.0,15164652.0,3836413.0,,,,,,,,,
424.28196575757573,486811.0,3039595.0,2219733.0,3664670.0,4162935.0,3417334.0,511670.0,701027.0,699098.0,14784186.0,6487866.0,18496450.0,21158814.0,25197046.0,15009256.0,1255103.0,822625.0,353217.0,5016714.0,5236711.0,4129372.0,1009572.0,382564.0,627085.0,8759186.0,14272725.0,10949569.0,17532022.0,16476674.0,16089206.0,189993.0,,338757.0,,,335401.0,,,
425.28503076923073,,528017.0,,831431.0,925874.0,,,,,,1368854.0,,4200287.0,5143892.0,3059471.0,,,,,994195.0,,,,147466.0,,2769642.0,2171714.0,3387035.0,3293143.0,,,,,,,,,,
425.73509384615386,335157.0,331395.0,,,,,,,309606.0,,,,829609.0,543585.0,301465.0,,212138.0,,,362085.0,,,,,,703879.0,398771.0,807156.0,350650.0,313377.0,,,,,,,,,
427.07538444444447,333945.0,,539434.0,861387.0,,2411156.0,956954.0,,,,,,2750681.0,,4967988.0,,246866.0,,727508.0,809022.0,514976.0,159851.0,,,2615794.0,2572909.0,3675157.0,1732105.0,2071434.0,2916834.0,,,,,,,,,
429.1144938461539,,,,,196751.0,224293.0,,269099.0,197491.0,,,,1983754.0,1952214.0,3240446.0,,,,,,,,,,818327.0,1193364.0,1728304.0,626855.0,1009231.0,1828940.0,,,,,,,,,
429.28826714285714,182339.0,255922.0,163934.0,196902.0,,,268918.0,,,,453452.0,288472.0,513823.0,,877049.0,,,,179381.0,,,,,,,569330.0,620187.0,818927.0,542879.0,,,,,,,,,,
430.44037642857137,,158332.0,,,,,,,,832725.0,1010685.0,1145876.0,1395171.0,1456485.0,1715510.0,176374.0,,,,,,,,,1288662.0,1076232.0,2093656.0,1281863.0,1681566.0,2574388.0,,,,,,,,,
437.19352076923076,,,,327634.0,,,452629.0,570202.0,,1473801.0,2798391.0,4070215.0,,4808814.0,,444743.0,,,,554111.0,,,,,3210951.0,2908396.0,4736915.0,2308153.0,,,,,,,,,,,
438.19626153846156,,181644.0,,,205749.0,294893.0,,,,,984931.0,1517937.0,1015097.0,1611105.0,1572197.0,,156001.0,,,,,,,,1058821.0,940672.0,,763503.0,,1698376.0,,,,,,,,,
439.7508886363636,933488.0,1205235.0,823169.0,,1886332.0,,,844148.0,1023947.0,769307.0,1718482.0,1177121.0,5038346.0,3330562.0,1965983.0,206699.0,543591.0,,629031.0,,1000087.0,,,,3650922.0,3781697.0,2033185.0,4522027.0,2045887.0,1629706.0,,,,,,,,,
440.25243052631583,533863.0,594999.0,,,932486.0,276497.0,,394486.0,461615.0,,839389.0,583765.0,2492742.0,1538255.0,1001332.0,,,,,658489.0,481229.0,,,,1790167.0,1637757.0,1119199.0,2202920.0,968616.0,737806.0,,,,,,,,,
443.267627368421,,1237497.0,,,1340845.0,,,1186627.0,6585441.0,10096937.0,8006642.0,8802906.0,8912829.0,4526088.0,7469254.0,,,340603.0,,4065550.0,,922928.0,,,3950973.0,5361368.0,6281692.0,4808325.0,7056394.0,5516315.0,,,,,,,,,
444.2712018750001,,267557.0,,,244277.0,,601567.0,,1345712.0,2114558.0,1727603.0,1909502.0,1787746.0,942063.0,1494147.0,,250125.0,,,,963686.0,,,,,1141581.0,1134154.0,932106.0,,1063659.0,,,,,,,,,
444.70872374999993,652475.0,939652.0,,,2210687.0,,,,765516.0,2316662.0,2472793.0,,6957532.0,5307977.0,6897124.0,,,,,1574080.0,,,,,4574247.0,5068077.0,2933947.0,4335817.0,2382850.0,1793904.0,,,,,,,,,
447.24519058823535,318123.0,,247326.0,273435.0,,,,814969.0,429322.0,13523955.0,,,1431846.0,2584606.0,2023204.0,,,,197337.0,,369557.0,,169295.0,,,1384360.0,1461138.0,2263558.0,884754.0,1167175.0,,,,,,,,,
458.4720028571428,,,,,,,,,,1450499.0,1542111.0,1762813.0,1959991.0,1868571.0,2330867.0,203782.0,,,444522.0,,,,,,1595860.0,1351630.0,2462584.0,1576586.0,2369186.0,3246622.0,,,,,,,,,
458.72438541666656,,1018095.0,739849.0,1686293.0,2513254.0,663536.0,872722.0,763837.0,977371.0,5538627.0,5110869.0,3014905.0,7395065.0,5723733.0,7561618.0,,440345.0,,930152.0,1830895.0,1702438.0,,,,4750802.0,5105452.0,2996406.0,4721661.0,2608383.0,1878275.0,,,,,,,,,
459.4152765,,933714.0,534144.0,858038.0,548054.0,1701710.0,,,,2849201.0,,5201237.0,9179163.0,,7826289.0,,,,2510717.0,1667020.0,1908186.0,1833046.0,601838.0,,,,,2504262.0,6742120.0,11823345.0,177547.0,,,157996.0,,206737.0,,,
463.0870241176471,,,,,176763.0,375165.0,,,,545232.0,750386.0,1075928.0,1052529.0,1481164.0,,1713713.0,906792.0,,881637.0,686135.0,,,,,3110992.0,2525172.0,4789430.0,,2179464.0,2347921.0,,,467390.0,,,,,,
465.10282437499995,,,,1210841.0,828502.0,1758990.0,,1039116.0,924676.0,1480200.0,2451602.0,2753930.0,2262011.0,2771909.0,2549169.0,394230.0,223463.0,,2842864.0,1881132.0,1226665.0,10948159.0,8068465.0,7740336.0,687286.0,,,1885187.0,4823128.0,5679595.0,7950319.0,5420564.0,6734747.0,1802020.0,978759.0,2368649.0,3601945.0,5257805.0,3746349.0
466.2822203703704,809883.0,1552643.0,1026911.0,3075328.0,1213349.0,2103172.0,898252.0,772069.0,1712805.0,,3626812.0,2510146.0,6797109.0,12591981.0,11942895.0,237674.0,448141.0,266509.0,1104606.0,2762365.0,1174715.0,,,114413.0,9489614.0,15080818.0,3358070.0,15388598.0,9447874.0,1715680.0,,,,,,,,,
466.78400374999995,,1037809.0,624726.0,2009606.0,664510.0,1402431.0,507666.0,399113.0,1084023.0,,2091170.0,,,,,,261338.0,,693928.0,1621058.0,792165.0,,,,,,,9655030.0,5630105.0,1050893.0,,,,,,,,,
470.2787220833333,,2259718.0,1077975.0,1679607.0,1734896.0,1962111.0,851380.0,465652.0,,,1626778.0,,5384847.0,5556094.0,3709179.0,532751.0,565426.0,,2707766.0,2653184.0,1693749.0,770024.0,,548812.0,3658209.0,6135416.0,4072133.0,5311757.0,4657644.0,5258162.0,,,,,,,,,
471.08948000000004,138953.0,,,,973135.0,1818207.0,,438679.0,483776.0,,3006638.0,,,,,812462.0,453718.0,508750.0,3669368.0,2146514.0,1455557.0,1589425.0,722875.0,,,,,4240168.0,7224152.0,,,1202994.0,,,,,,1113588.0,
471.08980823529413,,,,1368847.0,,,,,,1571433.0,,3473720.0,4064516.0,4566448.0,4812069.0,,,,,,,,,949299.0,2574079.0,2580405.0,4074121.0,,,5922067.0,1127467.0,,1303169.0,294943.0,,151780.0,926980.0,,1031383.0
471.21952571428574,,,,224943.0,,,,,,521310.0,868662.0,,3234050.0,3752942.0,2775073.0,,,,707680.0,700273.0,256288.0,337824.0,,157393.0,,,,1489398.0,2074277.0,3281523.0,,,,,,,,,
471.2819433333333,,,221611.0,,,564969.0,,,,807461.0,412304.0,527179.0,1509577.0,1543605.0,951976.0,,,,,596570.0,434993.0,195267.0,147831.0,163093.0,1009771.0,1602988.0,1048874.0,1450118.0,,1435331.0,,,,,,,,,
471.86818058823525,,792764.0,,777436.0,,908215.0,648555.0,,629998.0,,,,,,447729.0,,496015.0,336603.0,,855955.0,1065349.0,,,,2869886.0,1842752.0,1290917.0,2271825.0,1880372.0,1010044.0,,,400551.0,,,,,,
476.769566875,,,238266.0,730160.0,,286656.0,,184223.0,1341871.0,1157437.0,,,,686945.0,776318.0,,161391.0,,1452526.0,888865.0,1002624.0,,,,,950430.0,759623.0,696257.0,906672.0,,,,,,,,,,
479.08162296296297,1062849.0,2050199.0,1525965.0,6497356.0,3819924.0,11604197.0,4199991.0,7170481.0,7361826.0,14173926.0,20682210.0,25536210.0,34777400.0,44931036.0,38567260.0,8454779.0,5051986.0,5741638.0,19226218.0,15478693.0,9826256.0,,,,31621278.0,27996280.0,45961244.0,19589668.0,48824612.0,70755128.0,,,,,,,,,
480.0853327272726,177730.0,,,1142009.0,754805.0,2045530.0,772914.0,1281153.0,1340669.0,2550084.0,,,6212794.0,8040886.0,6790059.0,1455500.0,918194.0,,3561128.0,2766591.0,1797786.0,,,,5727295.0,5121627.0,8188129.0,3525833.0,8854656.0,12643880.0,,,,,,,,,
485.068696875,,150385.0,127145.0,580157.0,223719.0,789760.0,,,,,,,2165317.0,2774196.0,,2850199.0,1672161.0,2179486.0,1526449.0,1079537.0,770355.0,,,,,,,,2976691.0,3945099.0,,164195.0,,,,,,,
485.8109673333334,,480756.0,,1057458.0,786936.0,2394407.0,,,,,,,1709445.0,2313500.0,,,,,781616.0,1412383.0,1256487.0,,,,,2540378.0,,5419418.0,3037042.0,2075170.0,,,,127063.0,130572.0,,,,
487.08481647058824,,457180.0,,2570737.0,1656488.0,3222599.0,,1448488.0,1145609.0,,,,5557644.0,6912805.0,4700136.0,520952.0,403949.0,417515.0,,,,5998638.0,,3900494.0,,,,5416287.0,9091734.0,8647140.0,,,,,,,,,
487.21517800000004,,,,482761.0,391999.0,907398.0,,,,1413548.0,,3282018.0,2632390.0,3796989.0,2991119.0,,,,1333985.0,1333921.0,,,,,,,586467.0,696188.0,1190336.0,1882031.0,,,,,,,,,207436.0
488.08800142857143,,,,,,,,410809.0,,,1630559.0,2254001.0,,2112617.0,,,,,,907435.0,,1611411.0,,1013356.0,,,,1624853.0,2724965.0,2637821.0,737006.0,866550.0,945964.0,,,,,,418290.0
498.055255882353,,,213777.0,,277181.0,,,1615797.0,1362045.0,1969874.0,2640486.0,2925724.0,8703514.0,10866316.0,13126573.0,,,,,2156536.0,1069427.0,,,,4218042.0,4412621.0,9926504.0,,4982267.0,,,,183536.0,,,,,,
501.06412,1948775.0,3407774.0,2772570.0,10171189.0,5729103.0,18201028.0,3306337.0,10068640.0,9813106.0,21402330.0,38277700.0,56006716.0,73714896.0,98459464.0,57633480.0,13305079.0,8093944.0,11077412.0,30215166.0,23856924.0,16045617.0,,,,80768040.0,64418212.0,103128736.0,43510368.0,72500928.0,121850712.0,3862094.0,4052040.0,4939807.0,,,1067832.0,1428382.0,1671645.0,
502.06747142857137,377121.0,635762.0,584406.0,1882087.0,1103481.0,3467140.0,622973.0,1979043.0,1815241.0,3813794.0,6867406.0,10074369.0,13459722.0,17905906.0,10274981.0,2475888.0,1439913.0,2011592.0,5700491.0,4303450.0,3081916.0,,,,15074427.0,11719558.0,19043118.0,8030222.0,13474434.0,22649746.0,,,879899.0,,,,,,
503.06933466666663,,167306.0,,,215145.0,755604.0,,,,,1481576.0,,3019012.0,4115289.0,2355777.0,646298.0,,,,1002319.0,764894.0,,,,3774346.0,3036696.0,4787037.0,1770364.0,2953443.0,,,,,,,,,,
523.046258,,,,,,496330.0,,,,,1458592.0,2576964.0,2510300.0,3454052.0,1266045.0,237404.0,,,867174.0,,,,,,2943805.0,2243086.0,3459781.0,1974147.0,2524126.0,2745660.0,,,,145609.0,,,,,
529.6636284615383,,131195.0,,703723.0,498767.0,,,337290.0,,857176.0,,1436444.0,,,1201122.0,,,,,731882.0,530422.0,614618.0,,,,404522.0,,,1798346.0,,,211113.0,,,,,,,
536.6524795652174,,535539.0,,1626097.0,1007966.0,1443651.0,,1277006.0,1547154.0,6867991.0,8778465.0,8511684.0,17089764.0,18979694.0,14555096.0,898214.0,956708.0,,3091732.0,,1754408.0,,,,14768115.0,11418986.0,12177431.0,7637257.0,10003251.0,15005181.0,,159189.0,,,,,,,
537.1541189473684,212155.0,,,869776.0,,,242182.0,647505.0,1003658.0,3925953.0,4821447.0,4583839.0,9242198.0,10497632.0,8408201.0,,,,1673832.0,1705913.0,977419.0,,,,8578591.0,6333713.0,6778456.0,4131766.0,5418215.0,,,,,,,,,,
549.0554884615384,,,,,221474.0,,420208.0,,191988.0,,,,1489206.0,1666804.0,2696715.0,,,,598403.0,,,590382.0,,,298659.0,,,1308383.0,2112913.0,2934174.0,,149766.0,,,,,,,
551.4350585714286,504067.0,,368097.0,1085399.0,,,284872.0,,,1509152.0,1439557.0,500545.0,25511886.0,18845016.0,21839194.0,286949.0,339835.0,,589353.0,1475268.0,,,,145712.0,6788175.0,12265007.0,12165095.0,19122588.0,12150795.0,13098128.0,,,,,,,,,
552.4381892307692,,,,540255.0,851880.0,192165.0,150659.0,,210370.0,,,,12064301.0,8948426.0,,,,,279139.0,684151.0,,,,,3241368.0,5903015.0,,9214395.0,6030691.0,,,,,,,,,,
555.6268168749999,151411.0,,,480018.0,,,,,,5012504.0,4655346.0,3783796.0,6037034.0,6192656.0,7114094.0,,,,978029.0,,703809.0,,,,4587511.0,3966038.0,3919449.0,2483052.0,3237747.0,4184332.0,,,,,,,,,
556.2292666666667,,434869.0,,1312647.0,939318.0,1319164.0,,,,3680345.0,5770952.0,5886271.0,4138949.0,4641915.0,2601181.0,411492.0,,,1749069.0,1473950.0,1000169.0,,,,7174189.0,4428625.0,3707467.0,2989465.0,3680856.0,3181200.0,406466.0,,,,,,,,
556.2765712820516,7492578.0,12067797.0,8884776.0,35689000.0,26699606.0,36342204.0,8513484.0,10515566.0,16235408.0,116513120.0,176712656.0,187395264.0,121915656.0,140286592.0,80890144.0,10574356.0,10642104.0,10512670.0,48357452.0,40427356.0,28065898.0,7376185.0,6290957.0,6697780.0,209925936.0,133130512.0,110237456.0,89015384.0,107062744.0,95438096.0,14056801.0,9281076.0,9020778.0,2366193.0,1871585.0,3758650.0,7340011.0,7667500.0,10769378.0
557.2801209090908,1897633.0,2699807.0,2077012.0,8940898.0,6531719.0,8984929.0,2065645.0,2581474.0,3991030.0,,,,,,21238388.0,2688968.0,2412274.0,2659036.0,11909568.0,9387865.0,6885675.0,1671439.0,1724188.0,1646261.0,,,,22819600.0,,,,,,,,,2333283.0,,3268279.0
557.280384117647,,,,,,,,,,30961872.0,47677992.0,52343052.0,30919224.0,37037512.0,,,,,,,,,,,55170332.0,34189892.0,28603696.0,,27983360.0,24473882.0,4131533.0,2670713.0,2734147.0,688419.0,507888.0,1228344.0,,2144089.0,
558.2826870588235,250494.0,430404.0,,,1067599.0,1315584.0,348459.0,435277.0,665284.0,,,,5279309.0,,,,,,1912628.0,1473494.0,,254694.0,,,,,,,4631785.0,4125895.0,734136.0,536832.0,515825.0,125624.0,,,,,
563.0342470833334,,302145.0,145206.0,881733.0,500763.0,917473.0,2189379.0,1024424.0,976586.0,18328724.0,16407667.0,17798384.0,22017552.0,26106310.0,36689576.0,,,,2423554.0,2042076.0,1382699.0,,,,11665617.0,13733986.0,23738816.0,10750786.0,18333964.0,36483724.0,,,565574.0,,,,,,
575.2506507142856,368528.0,548322.0,,,1518088.0,,,267519.0,572490.0,7897850.0,10623427.0,8638685.0,,10948467.0,5899483.0,,,,,,1143469.0,,,,,9775508.0,4698690.0,,,2636542.0,,,,,,,,,
575.7523315384617,,,,,,,,,,,6426912.0,,5916293.0,6558418.0,3597409.0,,,,1161711.0,1135153.0,690925.0,,,,10825651.0,5784135.0,2879981.0,3267619.0,2821605.0,1448033.0,,,,,,,,,
578.2594064705883,,783101.0,638721.0,,,,183287.0,,,,,,17322898.0,21981354.0,7684450.0,,,,5272699.0,3639583.0,,528644.0,464396.0,555571.0,41464000.0,17694470.0,15199814.0,10989681.0,14997759.0,8534394.0,,,,,,,,,
578.2597592307692,469045.0,,,3243995.0,2119391.0,3326332.0,,620184.0,969971.0,6851874.0,18016490.0,26615978.0,,,,997301.0,768176.0,1025822.0,,,2618765.0,,,,,,,,,,,,,,,,,,
579.262692,,,,1486210.0,922720.0,1545340.0,,317976.0,,3543566.0,9577952.0,14517913.0,8314610.0,10844072.0,,,,,2541254.0,1643442.0,1154037.0,,,,20605640.0,8930863.0,7414175.0,5659929.0,7384843.0,4316822.0,123983.0,,155556.0,,,,,,
579.4665136842106,,,813897.0,2398804.0,4073518.0,1027680.0,752866.0,,,,,,60269572.0,41327940.0,49259024.0,,749385.0,,1398301.0,3513206.0,2187943.0,294676.0,,,16091082.0,29047172.0,27896112.0,43680748.0,28539994.0,30433922.0,,,,,,,,,
580.469810625,,,,1182596.0,2034759.0,,,,,2641668.0,2749981.0,1235726.0,29704806.0,20610752.0,24135324.0,336170.0,,,626873.0,,1079735.0,,,,,14847725.0,13576330.0,22591318.0,14728999.0,15477697.0,,,,,,,,,
594.2235747826088,,1174198.0,580915.0,2816490.0,2362791.0,1509169.0,,848372.0,1044749.0,27942774.0,30300396.0,25317404.0,28861862.0,29414426.0,27697910.0,,,,2681734.0,2733565.0,2195091.0,174178.0,,,30874534.0,22898928.0,16656811.0,20251598.0,18784460.0,12633221.0,,,,,,,,,
595.226933076923,,,,656646.0,,,420439.0,,,,7118333.0,5721939.0,7302788.0,7211649.0,6852337.0,,,,,622728.0,,,,,7063483.0,,4292953.0,4839051.0,4501463.0,3122096.0,,,,,,,,,
607.497993125,,479217.0,,,,,,,,4818661.0,4473800.0,2921573.0,30032896.0,19068096.0,23479084.0,,237087.0,,,1303948.0,,,,134038.0,7428352.0,13673987.0,11921231.0,20700514.0,13395258.0,14478315.0,,,,,,,,,
625.4721853846154,,,518639.0,,,,,,,,,,3556754.0,1646603.0,1460290.0,,,,845901.0,1931371.0,1324527.0,,,,2169057.0,3226914.0,2648060.0,5079570.0,2664329.0,2834238.0,,,,,,,,,
646.9878630769231,,,,,,,145782.0,,,4000303.0,2556734.0,2266976.0,5805089.0,5707371.0,13645041.0,,,,,,,,,,2206591.0,3116682.0,4520408.0,2272729.0,3702018.0,6906426.0,,,,,,,,,
647.4595442857142,,137341.0,,746337.0,,701820.0,,,,,,,16954190.0,30373502.0,35179208.0,,,,1379162.0,1389329.0,923772.0,,,205554.0,21451926.0,,,21437968.0,23808214.0,63042560.0,,,,,,,,,
