"","mz","rt","ko15","ko16","ko18","ko19","ko21","ko22","wt15","wt16","wt18","wt19","wt21","wt22"
"200.1/2925.48","200.1","2925.48",-2.01928973771267,23.0003649375005,-5.16329573466484,-6.0469776591473,-6.99666868457172,6.08595499825169,-1.09801560702397,-2.72589181834165,-6.73759652001107,-1.85363209014765,3.22059356086367,0.334454355005027
"205/2790.89","205","2790.89",-14.5574236335303,7.50723603729317,-15.6809488840148,5.08677235342664,-15.2708570929916,-1.50357019262658,-11.4016192848284,3.21571494738305,12.4157194989719,17.5129818376218,3.7099207971857,8.96607361610942
"205.983/2787.77","205.983","2787.77",2.13298556553708,11.6438068027218,2.06924393943589,7.62573621013403,2.94544424608598,-7.3435560749441,3.56512167238212,-7.89937132037851,-7.80288293555518,-7.16196423438585,-7.72340219836536,7.9488383273321
"206/2792.46","206","2792.46",-6.79044456437788,-6.11834454291472,-6.58749896058394,-5.27465524245007,-6.28658382665848,7.15120275576872,-6.83298781773453,8.76991535327246,8.7454114918378,11.3340835955242,7.4664662716442,-5.5765645133278
"207.085/2719.69","207.085","2719.69",1.96688360439327,15.8613924501518,3.2705163474706,-10.9957574392537,-11.8551747383596,5.9545937441583,2.80482266807455,-11.6971886550431,5.34896068800165,-11.1128493222666,4.31556601858643,6.13823463408639
"219.092/2524.85","219.092","2524.85",4.84567139527976,-5.57836982445255,-6.10632121072975,-4.62894481854412,6.49818471602367,-4.9747625291311,4.84795967099811,5.99979636207372,-5.45704730572972,-4.78409442812073,14.3066189641767,-4.96869099184398
"231.024/2515.46","231.024","2515.46",-5.31273894759729,-4.75015243430773,4.03335979681324,19.7875802841486,18.3404701604244,-4.30116750556157,-5.34835010636175,-4.73526716836749,-4.65990835865409,-4.15934167872044,-4.59783276519551,-4.2966512766204
"233.0375/3020.94","233.0375","3020.94",4.68729610883719,10.9956847097347,7.87314576094889,-8.385455693674,-9.20591985389938,14.2597240776292,4.05181887902348,-9.05509449896367,10.8282548808001,-8.49724038030458,-8.92197250795416,-8.63024148217777
"236.102/2523.29","236.102","2523.29",1.54109716842901,5.05713970485084,-6.49505838131621,-7.81609214411344,2.2921430529745,8.92230996388546,1.16658342096706,-8.65541652862423,-8.56392569144779,-7.95620292109172,10.7872179754659,9.72020438002066
"241.124/3676.66","241.124","3676.66",-24.7902309730452,18.9977642901615,5.04777730269253,5.72183566028486,-24.5628447799366,-0.891834547607582,4.73922489694623,28.7910292886026,-24.4382666360256,12.2002002075107,1.72222025938069,-2.53687496896398
"242.1405/3675.88","242.1405","3675.88",3.27991542075511,8.85627568119622,-9.19545385413408,1.84984895474105,-8.87897437737223,-8.13790490470717,2.74424495143499,13.0512769863563,-8.58864578727093,4.54117317945446,1.42545965148334,-0.94721590193705
"244.1/2832.37","244.1","2832.37",3.55978322916183,-0.973610889000732,-7.52098846659048,-8.60936902697827,-9.08019337102678,-4.67788826408922,3.39703549764054,-8.99364205989579,-3.67067845670587,-8.67351680369901,-5.65654101414562,50.8996096253294
"249.1155/3668.05","249.1155","3668.05",-14.3760531162004,29.4319449795853,-14.2775785193909,18.9503758758894,2.67181475570611,11.8821907472719,13.6300491878631,-14.0413036284585,-13.9976195492433,-13.7074504955937,-13.9616354997037,7.79526526227467
"249.1525/3667.27","249.1525","3667.27",20.0239302436226,-10.9723123098206,-11.1934980443557,-10.5745498021802,-11.0516297544637,-10.7194304603613,-11.3092352753058,-10.9639284792293,28.1859023798815,24.5539267991264,14.7377114871364,-10.7168867840503
"250.124/3663.36","250.124","3663.36",5.20104535958772,6.6205653932585,2.54431414880566,2.58056948928481,-9.62839028356363,0.208351434846055,1.5753124060008,14.155197052417,-9.35023556224776,4.28173988000316,-9.27551095772747,-8.91295836066489
"250.151/3670.4","250.151","3670.4",-4.14273820702146,-3.32160440400713,-3.89479074365794,-2.29083252224932,-3.52714964796676,-2.66627994576209,-4.19471514840781,-3.29987833212012,15.2057896641528,-2.45927537347194,8.37795767128202,6.21351698922972
"255.159/3681.35","255.159","3681.35",17.550916531617,27.6124599637198,-13.0178604905245,-12.4052565630056,4.68138769799943,-12.5486521721623,-13.1324113970607,-12.7906440487411,24.0239562568647,-12.4695903784655,-12.7140302847149,15.2097248844737
"255.189/3678.22","255.189","3678.22",-9.03846508102357,-8.73170748846504,-8.94583734281187,-8.34663370418736,-8.8084946868089,-8.48689263317834,15.5190487237257,43.6202239980261,-8.68250073583901,-8.40956026175333,18.7952493130928,-8.48443010077717
"256.127/3450.52","256.127","3450.52",-5.62294979459998,-4.92159913379032,7.37195607921112,-4.04119141246524,-5.09716040303557,-4.36187032936445,4.97005557724821,16.1984823611602,-4.80909600654018,-4.18506261175088,-4.73170922697137,9.23014490089842
"257.131/3650.05","257.131","3650.05",0.0497657945641874,8.66052487434382,4.16092992098985,5.99941478224868,-7.94617933470036,-7.16701045748547,3.14854632166358,8.58055429451917,-7.64092455101714,6.87434233114746,-7.55891967660498,-7.16104429966879
"264.147/3154.75","264.147","3154.75",-9.04175686617164,4.90932174818749,-0.231218936798331,-7.36916324784298,-8.48577310098453,10.5036194832495,-9.08870110376317,0.422688536477802,2.74235078046515,9.03277263191003,1.50582932828093,5.10003074698978
"266.1465/3669.62","266.1465","3669.62",-6.06191258617254,16.255185248037,-5.87912668916389,-4.69669498251347,-5.60810311609902,-4.97347334981523,2.03069635936857,-5.44055959390352,15.075008324618,-4.82087039143984,-5.29268175688522,9.41253253396919
"266.188/3666.49","266.188","3666.49",2.01155877895248,-10.5568963001775,2.13148686057659,8.91266023300743,-4.40963286215775,2.79545458943804,-11.1167107526622,19.4600469077163,-10.4724427154142,11.6391175783526,-0.262148374989739,-10.1324939426421
"267.156/3666.49","267.156","3666.49",12.486315182893,22.405479626295,10.2685898585221,-15.7592342582807,-16.1905771658286,6.2650235665837,9.4777296733241,34.8668078135319,-16.0729084317513,-15.8180028603575,-16.0412974291526,-15.8879255757791
"267.177/3672.75","267.177","3672.75",-9.55603218957226,-9.19357453709998,-9.44658540370461,-8.73858028996893,9.38232020634027,-8.90430698548877,-9.57897539333324,-9.18398440576609,-9.1354329801336,30.3353731025152,18.5756090064559,15.4441698697562
"268.1625/3665.7","268.1625","3665.7",7.30337273295766,-5.24398433697866,-5.7101760273037,-4.40562296537144,-5.41116118347886,-4.7109869576505,6.08038282048954,17.1286059734947,9.28098195974952,-4.54262319043347,-5.06316315733759,-4.70562566813725
"268.2/3883.23","268.2","3883.23",-7.25441423807843,-6.6749722800649,4.77429374845302,-5.94759694216203,-6.82001750677841,-1.08277600093642,-7.29109232949045,21.9713662648422,5.82158931804718,8.81341707187311,-0.101913162392354,-6.20788394331252
"269.148/3878.54","269.148","3878.54",6.50089739567364,38.9758047077797,-9.56671677261303,-8.86465214532057,7.76845758370544,-9.02898831813243,0.974675981314205,-9.30631911704868,-9.25817506006392,-8.93838085345352,-9.21851717639778,9.96191377455692
"269.1985/3882.45","269.1985","3882.45",-11.1416097573401,-10.8797833465074,-11.0625493238647,-10.5511118179487,-10.9453234244972,-10.6708268400242,-11.1581831050202,55.0809737892847,12.501534862022,13.3441373807009,6.15146658112679,-10.6687249979319
"273.2/3678.22","273.2","3678.22",-3.41386020113809,-2.41646518838661,-3.11268935361564,-1.16443204789765,-2.66613193023495,-1.62047147336932,-1.3764610744107,14.4767386530131,6.42169113868264,-1.36903214976454,-2.14642160446181,-1.61246476841645
"279.011/2790.89","279.011","2790.89",11.289185028572,29.988042028932,15.8285540694711,47.7559192677942,13.5883801525023,39.7373662697901,20.8664545983682,37.3913967060002,-92.8103034783796,-92.73018020863,-92.8003673405603,61.8955529061396
"280.013/2787.77","280.013","2787.77",11.9602634764341,19.4591870232956,13.2186695052907,26.1611421517232,13.3433456363133,-28.5719123674991,-28.9442756674471,-28.7262720587556,-28.6994755334471,28.0116018923898,-28.6774023316876,31.4651282733898
"280.04/2791.68","280.04","2791.68",-17.1192759523589,-16.9108984851332,-17.0563548252161,-16.6493215859487,-16.9630592866729,37.0047672388923,28.9676502016336,35.9657625378568,-16.8774728137518,-16.6920669881976,33.0731953049827,-16.7429253460862
"281.0275/2790.11","281.0275","2790.11",9.03990763912267,-6.01293678687193,10.0666099641347,-5.27377355861368,10.1653027673027,-5.54300570834179,-6.63904171646857,-5.99735709002767,-5.91848262351883,-5.39456338989469,-5.85351106497264,17.3608515681498
"281.073/2793.24","281.073","2793.24",-6.75087635550638,-6.16657837418467,-6.5744432312271,-5.43310725473577,-6.3128391549186,-5.70026611586856,11.035579318318,12.8648011261361,11.8488275277376,-5.55296691411912,12.4374450239506,-5.69557559558202
"281.2/3668.83","281.2","3668.83",-1.53771564273609,19.2055261352264,-46.5452635525397,10.6553953397841,-22.0325727082535,-4.33976967783545,-11.9467061361837,38.6348256842227,15.263005339861,17.6234734640086,-7.93869000877163,-7.04150823678283
"282.179/3664.14","282.179","3664.14",12.502047612057,-8.97345614444112,12.8722722474413,-8.3877872281226,-9.09024382793806,10.1735753272231,6.76348526684315,-8.96111172061359,19.0292144785273,-8.48349389599262,-8.8471366980611,-8.59736541692278
"282.184/3471.65","282.184","3471.65",-7.55450190622031,-7.16290711754582,-7.43625694521421,-6.67133693041336,-7.26093066264401,-6.85038601343631,-7.57928946130988,29.5879147236554,-7.10009169467322,16.9734238629302,17.9016045854065,-6.84724244053499
"283.2/3878.54","283.2","3878.54",-12.5315386320148,6.093506825871,4.24952244207862,0.950005230984672,-19.7479818694624,-1.747274882763,-19.9688566145021,50.7234854652296,5.29262664292221,7.57921435991243,-1.43174062242559,-19.4609683458307
"284.1/2718.91","284.1","2718.91",-10.0502741206194,17.0731963998466,-8.91233240857947,9.38642147839056,-14.1232630902996,2.21101054893595,-5.96757123258954,8.37904980644711,-1.86983957331445,9.15418153651635,-11.4165843859193,6.13600504118524
"284.2/3679.79","284.2","3679.79",-1.56287636149914,82.4548688093306,-11.0373770956338,-5.75882164020399,-10.9491530222701,-10.7425672171085,-3.52400464671323,4.26850363854618,-10.8682189563561,-10.6928916319077,-10.846476502951,-10.7409853732332
"286.183/3261.16","286.183","3261.16",9.37303207020733,23.2979703780182,-18.7698477013041,-18.2565650544484,-18.6521988796761,14.3876094665234,-18.8658265056594,-18.5794697892327,20.9456854842822,-18.3104684487921,17.6101395577743,25.8199394223072
"287.144/3254.12","287.144","3254.12",4.9634210898066,13.3620557516692,-8.18745015435035,-7.14799624809944,-7.94919832963702,-7.39130700629329,7.6852581976745,12.0148953454428,-7.73063339435012,15.4399071663017,-7.67191722992892,-7.38703518823567
"288.113/2794.03","288.113","2794.03",-4.92744260227791,-0.474007869970091,-2.1447705331891,-8.30784433325728,-8.71771068558571,-8.43231342194437,8.7646259368606,-8.64236523960163,-8.60590067555551,-8.36368684774672,-8.57586358417919,58.4272798564469
"289.13/3111.71","289.13","3111.71",5.48679421591009,-6.42089126686836,4.44080349057796,13.062060342968,-6.57968370935313,12.8186411213675,-7.09540644898713,-6.40410695235893,8.60516626576996,-5.75470541724055,-6.24913879414691,-5.90953284763847
"294.112/2582.76","294.112","2582.76",-4.16470727928134,4.00707249572222,-0.565565594165367,5.87056383550091,-3.17714815074843,5.80244806190396,-4.24809138735855,4.85179490480718,-2.63609382571172,-1.46400879428892,-2.49074281289734,-1.7855214534826
"296.073/2726.73","296.073","2726.73",-5.37901883483886,-4.41433191061303,6.66266214954713,-3.2033573379659,-4.65581120236399,4.64580879302909,4.68507565879479,-4.38880762043372,9.91915282935015,-3.4012478832793,3.16657284942136,-3.63669749064772
"296.102/2726.73","296.102","2726.73",1.03264434916394,-4.86647614871286,-5.46711672941412,11.5725352436577,0.120419665437816,-4.17976323195384,-5.78140678863847,2.68258815554892,-4.7284497508438,9.48621753163799,-4.63350644848723,4.76231415260398
"298.152/3179","298.152","3179",2.97860198074526,-3.8420452297524,-4.32077082079541,15.4558767145268,-4.01371674666364,15.9366587298146,-4.57126787210263,-3.82389960086061,-3.7320347325891,-3.12182748159743,-3.65636254193698,-3.2892123987885
"300.189/3391.84","300.189","3391.84",19.7190296936705,-30.5180597764313,38.5456272110931,-30.3178448087326,44.9835626452757,58.8884149592181,-27.1883224022964,-22.178272243881,-18.8741192390212,-30.3505627947521,-3.01153720480317,0.302083960660507
"301.1885/3388.71","301.1885","3388.71",3.72316975500633,18.3324016299791,10.9085380542083,29.5033031647614,13.2191196862642,18.1560046798814,-16.0222260554257,-15.6950552443327,-15.6548401260037,-15.3877134510782,-15.6217135765562,-15.4609885167043
"302.0015/2623.44","302.0015","2623.44",-6.08571284910331,18.0559476120779,-10.9280190720685,3.77967789952462,-8.88926650459134,5.28849287193238,-6.14360115299328,9.81923724675424,-8.85650743723907,-3.17136392986287,-2.36424915666798,9.49536447223716
"302.003/2792.46","302.003","2792.46",4.17074465504912,4.63550526123818,5.64830513860628,-14.1686988492216,4.56181587703048,5.0166395621374,4.64811995442878,3.87052014578355,4.58797981487777,-14.2914132551976,-14.7576734587589,6.07815515402655
"304.1/2923.92","304.1","2923.92",1.49750762835199,0.483664359866426,-7.70117422338794,10.364027198405,3.18553123372043,27.5871327073772,-4.83817465164617,15.1698024757062,0.291469251777295,-34.3516868281272,-34.5622034923757,22.8741043403324
"305.1/3502.95","305.1","3502.95",-10.3003422068856,13.1673322467328,18.4128132016562,16.9725288404829,-1.78256414532863,6.96143265050265,3.55548019891934,15.0420879048746,-22.3365285015927,-22.0407232562436,-22.2998455043232,4.64832857120521
"305.1/2927.83","305.1","2927.83",-21.1554200232752,-12.932370179829,-16.031242032993,9.6935774650769,-5.22165366088183,8.72565979039046,-8.61892422311169,-4.29617428483694,-13.8889690841209,-3.32190415686845,37.3960455146244,29.6513748758253
"306.11/3501.38","306.11","3501.38",-1.79710595786086,9.56687441291386,-6.79617240845671,10.7537484952289,3.13662988438573,-5.69115265769005,4.99382275926157,9.26629172426855,-6.16212620267902,-5.50495637738759,-6.08063015321475,-5.68522351876965
"306.1/2928.61","306.1","2928.61",-5.84898566694719,9.97784852655494,-3.12589660848348,7.20011213450143,0.212299820927963,-11.8947658369225,-0.958392306685011,-12.2979427474558,-1.86856193966249,-11.7630428626865,15.9970939509438,14.3702335359148
"306.9965/2628.14","306.9965","2628.14",-7.93977648595541,19.3337934248608,-7.75601187457871,-6.56724891962375,3.12456448382333,-6.84550927743613,4.89881309595129,-7.31509650232045,4.15242186642393,-6.6920892171376,4.72358962179006,6.88254978420264
"308.113/3261.95","308.113","3261.95",-2.67717391900853,54.4259670740947,-8.5953871936403,-8.0145309237788,-8.46224991322944,-8.1504951820992,-4.99784669538502,2.62989156817804,-8.34011384517505,-3.64588925638735,-0.245863871558663,-3.92630784201036
"308.14/3258.82","308.14","3258.82",-5.16685959823102,-4.4869288242605,7.44265825492226,19.810302256474,3.6985762244081,4.773512200083,-5.20989853032188,-4.46893879045695,-4.37786164480282,-3.77288679725264,-4.30283832784099,-3.93883642272054
"309.1/2923.92","309.1","2923.92",7.71758387302849,-17.5455731552503,-0.168121308468042,0.485327648800556,7.65654369346235,-17.1776209339874,1.6083166599801,8.80399776708726,5.58264720413707,4.08656519212278,16.1242531522026,-17.1739197931155
"309.2/3671.18","309.2","3671.18",6.09473338017981,9.50917900903537,4.80616914944155,-9.79813299016213,-7.37816870984201,-10.0462077629749,2.94563038763013,18.3441245635164,7.87479150948821,-9.90943065644526,-2.40083557697152,-10.0418523028957
"310.187/3628.15","310.187","3628.15",2.65809894521448,25.8294309895922,4.35529442764444,-3.09470029689075,-4.00612217126128,-3.37148283702342,-4.49825625807498,-3.83857612310685,-3.75748968816967,-3.21887757793953,-3.69069605661803,-3.36662335336659
"310.2/3639.88","310.2","3639.88",1.25852492404297,7.7692222087149,-0.366179571115612,-6.43333465452169,-0.36622147932122,2.99300939648081,2.98063407851798,19.6847940363457,-7.1490807106994,-6.56743366145666,-7.07695028889433,-6.72698427809339
"312.1/2997.47","312.1","2997.47",-3.00787301402484,3.70629334614887,-0.00649814888301239,-15.9241793324375,0.1005812805763,10.4791961821877,-6.32167306028178,6.10824843846774,2.03977707228163,-1.0989794341289,-0.730592968586092,4.65569963867988
"312.205/3866.02","312.205","3866.02",3.89497156233947,25.5238752500343,3.37722515958853,-3.08416758600994,-4.00436340009744,-3.36361461488281,-4.50123508969618,-3.83520444471787,-3.75333741902244,-3.2095402783263,-3.68590078853344,-3.35870835067588
"313/2787.76","313","2787.76",-28.1877740280508,54.3119199359257,-34.0478679894328,-9.30309068796191,-33.1221730194277,-43.1209663496953,-35.6096401784711,26.7332323421915,72.6030298384606,38.2373775547019,21.0144947891338,-29.5085422073739
"313.179/3289.33","313.179","3289.33",-14.7014068442618,22.5600229829005,-14.6056169402493,-13.9859574285741,-14.4635856212367,6.08289944115006,11.1027039528069,29.8017140461395,-14.3332904342595,12.2434128293772,4.42756199437326,-14.128457978166
"314/2787.76","314","2787.76",-9.08766247413499,29.2652868653958,-12.7084088250566,0.877480334579337,-11.6292429819575,-15.626858685415,-13.5088401316442,14.7642066534932,37.754557384308,-15.5572536102547,11.0813776877624,-15.6246422170757
"315/2520.94","315","2520.94",-38.562395892405,-38.4260669668793,0.784156613459534,73.1347377124761,10.8066562252629,-24.6715784940207,-38.5710253758647,-38.4224598908761,28.512031599429,22.2050973085421,51.7627406911533,-8.5518935302771
"316/2520.94","316","2520.94",-17.9847937708289,-17.6885047529544,-0.941911775036401,34.1405593862894,5.20097527286424,-10.8744726686587,-18.0035485667696,-17.6806653527518,12.2210341687347,10.4482596123421,23.4848185325186,-2.32175008574916
"317/2789.33","317","2789.33",12.2763994004017,-0.558243505862837,6.63081420333171,-8.26290930953897,-9.14899681368337,-1.34431414283425,14.1459347874088,2.87743339665624,9.13712917588648,-8.38363489242225,-8.84233845214335,-8.52727384719987
"318.112/3247.86","318.112","3247.86",-5.09728610102231,-4.25762484612953,0.318589915092335,10.7396987731482,-4.4678078599658,-3.58751413463279,-5.15043581142242,-4.23540856332937,2.37386380743326,6.11055728168568,-4.03028750068949,11.2836550398322
"321.153/3663.36","321.153","3663.36",4.44139656422993,-5.86078770545559,-6.25833657253026,-5.14586802670874,-6.00334916098246,-5.40626972775858,-6.46635724411325,19.5277093673169,12.1933942639886,10.0867570158595,-5.70659093060682,-5.40169784323922
"322.117/3387.14","322.117","3387.14",-5.40846637303896,11.3451969364089,11.9365824295436,19.6310650439072,-4.96750627550953,-4.35084571179268,-5.44569863930818,-4.80470665857826,-4.72591733056063,-4.20256362460401,-4.66101590346143,-4.34612389300597
"322.118/3502.95","322.118","3502.95",-9.93106646656758,24.6251643539596,31.9676894706241,-9.25683393864758,-9.70694607331918,29.7207975476833,-9.94998997054115,-9.62420227320722,-9.58415716418711,-9.31815976658998,-9.5511706571418,-9.39112506206537
"322.151/3507.64","322.151","3507.64",-13.9416347845613,-13.6781842381182,-13.8620839312503,42.107623335234,2.85305377186226,-13.4679315533688,-13.9583109383872,28.3546015516161,-13.6359243358941,-13.4015167163644,2.82479350557402,19.805514333658
"323.15/3496.69","323.15","3496.69",0.693859302047213,-4.17696589598716,-4.58375681967342,23.2319529172712,-4.32284156305312,13.4907561272385,-4.79661347239578,-4.16154688084389,-4.0834858886645,-3.56497011278935,-4.01918441636244,-3.7072032967872
"323.175/3507.64","323.175","3507.64",-5.03010078944528,-4.4257547568703,-4.84761400687623,-3.66711725474411,-4.57703394212081,-3.94344269647785,-5.06835528365428,16.2604209272344,19.0581267600127,-3.7910894605872,3.97055174164731,-3.93859123811842
"324.088/2793.24","324.088","2793.24",-9.21323018486103,7.25558367774211,5.37757820071253,-7.96748726075509,4.51118683451385,12.286969792044,-9.24819411821959,-8.64625383514463,-8.57226465612836,8.85033117534479,-8.51131727367347,13.8770976484249
"324.1/2791.68","324.1","2791.68",6.21780862498352,-6.06525448070361,-6.47181850878044,-5.33412266669164,-6.21104878275758,-5.60042946131519,10.2512999863179,17.0901723735662,13.0803078731181,-5.45360005014696,-5.90756100679114,-5.59575390079914
"324.1585/3274.47","324.1585","3274.47",-5.20276106403481,-4.4610263603755,4.93570601050917,13.0408764070967,4.59028066049958,12.9354788994311,-5.24971212252831,-4.44140107953377,-4.34204525945902,-3.68207977996092,-4.26020251913229,-3.86311379251194
"326.2/3419.22","326.2","3419.22",19.2692151132421,34.4404957131788,4.3315689839252,37.6542031902245,18.2605308562552,63.2676196654581,-29.925558201359,-27.2085092907617,-32.175767963307,-27.8688961853316,-27.9685596141763,-32.0763422673484
"327.1/3504.51","327.1","3504.51",-12.1918995439502,3.80877197212206,8.15307363737113,10.5122028119283,-11.7754726429836,2.96109496422371,0.21666808464348,5.2711462524036,13.9773548251258,-11.053088238321,-11.4860341279724,1.60618200540898
"327.2/3419.22","327.2","3419.22",14.1059524261315,23.0006188306023,6.95355513833014,-9.68284865677297,-10.1687349395702,35.9155948593507,-10.4310955530292,-10.0794148027331,-10.0361869764489,-9.74904855738248,-10.0005787578382,-9.82781301063947
"328.2/3632.84","328.2","3632.84",32.1758403496233,58.6005111199715,18.1648854616994,39.3869676849573,13.3209216168482,20.3312926052584,-33.6501273199403,-27.9234951183438,-30.52567851111,-28.0477813088438,-30.5832162628366,-31.2501203172836
"329.105/3499.82","329.105","3499.82",-16.5830348892699,5.7185019156285,1.70491402075612,9.42673770116482,-2.65958306318149,-0.21743270425223,-0.893509970213136,13.1964016747884,8.0613661520681,2.34956971688951,-4.55270162368704,-15.5512289306916
"329.2/3626.58","329.2","3626.58",16.6400610971416,28.7839133986547,8.88686545685424,19.1233577757963,7.27037868675299,10.5046795562724,-14.029567089778,-15.5712972065698,-15.5297416047265,-15.2537108430082,-15.4955108537928,-15.3294283735969
"330.213/3631.27","330.213","3631.27",8.24046000216269,12.5523135082357,-3.67140712008767,-1.74863880993701,3.50072388074002,-2.198711884424,-4.03094587439974,-2.95824719051316,-2.82639342165233,-1.95056213442226,-2.71778102473529,-2.19080993096697
"331.118/3485.73","331.118","3485.73",10.6404944380372,9.76150091962,-5.50028128594824,25.2129674459423,-5.26451912867333,-4.71245761949192,-5.6926178487318,-5.11877379079163,-5.04823813812944,-4.57970900922804,-4.99013554182191,-4.70823044078316
"331.146/3484.17","331.146","3484.17",-11.8897090165525,13.0160929290512,-1.63876013272499,-10.8228601832714,2.56809622222931,8.12956520587163,14.108076519617,4.06817979229555,15.7051606837862,-10.9198970144551,-11.2885938459383,-11.0353511599086
"331.1785/3496.69","331.1785","3496.69",-7.80682640178221,-7.34267549650603,8.17584410108903,-6.76002538480096,-7.45886120303627,-6.97224933766631,-7.83620668585942,12.2693450375001,-7.2682214020317,20.952082397748,-7.21700715814434,17.2648015334901
"332/2520.16","332","2520.16",-46.092303451123,-45.9787029041448,-2.70016441091359,93.7472107863973,4.97329851413171,-27.7986191763885,-46.0994942511487,-45.9756971898008,29.3000015013165,36.6050489153532,53.3853070766585,-3.36588541033782
"333/2523.29","333","2523.29",-19.9481503715125,-19.7024652112192,-1.6080487618091,42.7575053881702,2.68996543747697,-19.5063905958801,-19.9637019943164,-19.6959647195399,13.8528186309292,15.3536034406519,26.9287780567278,-1.15794929967894
"334.021/2517.03","334.021","2517.03",-6.23987725317256,-5.68567559306318,2.31136847792229,23.8457289648149,7.29594328763039,-3.29169596736366,-6.27495765918919,-5.67101217881421,-5.59677652534497,10.0815140281977,-5.53562611356944,-5.23893346804803
"335/2786.2","335","2786.2",-9.49794842894487,26.8809476270185,-12.8127431578944,-5.1687106176088,-12.5945616174418,-16.4364579640293,-16.990768120098,10.6211189482526,32.6499903081291,9.57160392478907,10.2115964648713,-16.4340673670433
"336/2786.2","336","2786.2",-4.02880927037421,13.3069479002456,-5.9972382578717,-4.76351125986289,-5.71445736041577,-5.05229660136247,-6.22793306685287,5.94703592185811,16.2700851330425,6.69275589370271,-5.38535264813343,-5.04722638397565
"337/2520.16","337","2520.16",-40.9956226146244,-40.8583915747333,4.80923344749098,51.0453578940892,19.0252482281444,-21.0992776596107,-41.0043092010134,-40.8547606300239,34.3391059646718,14.5145579750533,65.6028590869579,-4.52400091640206
"338/2515.46","338","2515.46",-18.3642349176461,-18.0518077123868,1.56175345236622,25.0021674989407,8.4428790884438,-9.11065495770182,-18.3840112445683,-18.0435413179259,15.4548537265656,7.8408246944815,25.419233062063,-1.76746137263199
"338.1/3022.51","338.1","3022.51",-5.34161135961539,5.93543828683396,-2.08394080163096,-1.81134619659337,-1.83013435892209,7.08849963861346,-7.03324072140517,1.22694927042211,2.44648873769637,-2.58527373432674,-18.5899569693103,22.5781282082381
"338.2/3668.83","338.2","3668.83",-5.39950390658723,11.3064305028279,0.295608713022014,2.45858664309507,-9.79054252245179,0.165682325258167,-9.16462812164259,14.5802863299611,3.49762955163709,1.19202224687072,-6.57926472326869,-2.56230703872178
"338.201/3838.63","338.201","3838.63",-9.36725089132048,25.7243043648101,-0.963863262000416,1.24472028499,-9.02578953448053,-8.54827296557515,-9.3960820264498,10.6692065817259,3.44010344913973,-8.43344941811545,13.2009900006555,-8.54461658337935
"339.187/3322.98","339.187","3322.98",-43.65295529278,28.3487548688372,5.38510030218988,30.2810283829482,-0.824858623104008,17.20903666355,-0.743156570839142,-43.4633207822955,27.5758743944987,-43.2741940539723,10.3878850078484,12.7708057031185
"343/2686.04","343","2686.04",-35.0045673391434,50.1365177750465,-30.240907425413,55.0260082135392,-20.819823350049,60.1400212402754,-29.1974935468339,12.8107256511594,-154.329364096255,19.1646234994315,0.358077540323988,71.9561818379182
"344/2684.48","344","2684.48",-29.4706074146604,21.0209446822316,-25.9339785601581,24.1058982147505,-19.9480166787687,25.7047907039258,-24.2927931272619,15.0932797249386,-12.6252954371257,1.54029455738738,-8.6778800317511,33.4833633664918
"344.135/2897.31","344.135","2897.31",-11.469880925199,-11.1045401909127,8.03387731449312,24.6301186356321,-11.1959918521177,12.7842542278007,-11.4930066251304,16.7540260967759,-11.0459361609805,-10.7208707815478,-11.0056245958084,15.8335748569947
"345.0135/2686.04","345.0135","2686.04",-3.39367352843759,10.5864178197658,-3.26930740407549,10.5055431770575,-0.720561379474556,12.0724217890559,-2.46763960606697,4.65489675268872,-22.9537979219921,-22.5789550284745,2.77131345185948,14.7933418780937
"346.108/3496.69","346.108","3496.69",1.92608758603008,17.0853505587079,9.69814489529936,34.8982837374128,-13.7403552483373,11.3225484513636,-14.0010733646736,-13.6515942963024,-13.6086370959302,-13.3232962943525,-13.5732518010116,6.96779287179373
"346.1525/3499.04","346.1525","3499.04",-8.67605008883024,-8.29864728113913,-8.5620905021103,-7.82489233299744,8.62156990011325,-7.99745240938689,16.011523201384,-8.2886617215383,-8.23810838316587,34.248027407291,6.99920497465037,-7.99442276427042
"347.119/3496.69","347.119","3496.69",0.887979929302569,-6.60562338282347,4.51412239125236,-5.78691083214269,-6.76888207656618,5.66189220771193,3.55459613532326,19.4643257458083,-6.5010039888319,-5.92070015915969,-6.42904014054307,3.92924417066862
"347.155/3501.38","347.155","3501.38",-6.20721672002485,10.3057432334824,-6.00384621087771,-4.68825380386698,1.74233813112272,-4.99620183705912,-6.24984904580168,-5.51588945426827,11.502373421843,14.1297758697074,0.971821595165032,-4.99079517942193
"348.142/3490.43","348.142","3490.43",2.70404635629554,16.266019603501,3.57847009646266,12.5704918296869,-5.92624252274501,-5.23218679147462,-6.46445133691621,-5.7430104274433,4.12031530907214,-5.06529427634811,-5.58128548833207,-5.2268723517589
"348.164/3284.64","348.164","3284.64",2.55868998117423,9.31371385368758,-4.86878883994151,10.4358911051339,-4.5222408907014,12.0856852759733,-5.15150529523257,-4.30800910499833,-4.20432840381655,-3.51563514338498,-4.11892311304114,-3.70454942485254
"348.183/3499.82","348.183","3499.82",10.955735015628,-8.26064616982007,-8.71883330053803,-7.4366795497937,-8.42495257255109,3.20184483062024,2.5722595938617,6.39654625358762,-8.15535538322499,11.6208323986518,-0.295456598883405,6.54470548246194
"349.112/3421.57","349.112","3421.57",5.21623870059659,-2.77150216479499,-3.5119567815489,-1.43992856321083,6.13834921985169,11.6712419557305,-3.899405670002,-2.74343595120997,-2.60134668942446,-1.65752671274622,-2.48430297173608,-1.91642437150531
"350.18/3657.88","350.18","3657.88",6.99577569761152,-4.7965046740917,-5.27779850162253,-3.93098484229566,-4.96909716339694,-4.24624100769752,-5.52963940351825,17.7569773229649,7.48797575324246,5.3600687073013,-4.60982584764713,-4.24070604085044
"351.123/3500.6","351.123","3500.6",3.95185173108387,-4.98601058004235,-5.59196895493369,-3.8963041248359,3.13679845370621,5.78116715850267,-5.90904159313229,-4.96304231596711,13.595958902156,-4.07437772730714,2.00800844611282,0.946960604656899
"352.1/2792.46","352.1","2792.46",3.72930930896208,4.83700151760559,3.82599731434771,-7.13457996307832,-8.25088783546592,-7.47358272039411,3.4258075333898,6.88673852582017,11.7601075619514,-7.2866720735537,3.14839166396706,-7.46763083355181
"353.132/3496.69","353.132","3496.69",3.11153361509288,13.2134999740794,-7.30259603540655,6.55341367973655,0.977651553333374,2.80363542272269,-7.58097560860183,-6.7504186847485,-6.64832844980318,6.02527483391152,1.7535258006929,-6.15621610100924
"354.2/3616.41","354.2","3616.41",12.3443695485011,19.6186987709708,8.47382418913868,14.7054791711127,4.5181854804319,21.161889154592,-13.0356751543573,-9.61304261559986,-14.6884758522889,-14.3748173494132,-14.649578861159,-14.4608564819289
"355.192/3614.06","355.192","3614.06",8.92940694579404,12.558132408744,5.31698036286572,6.79618822642182,-5.99551787378852,-5.2480539683681,-6.57514231033882,-5.79818591414618,-5.70268413846826,6.58522294382678,-5.62401610451043,-5.24233057803204
"356.2/3834.72","356.2","3834.72",-0.551794987850013,44.1194914685253,11.1080774301804,17.7472620006031,9.73807516597118,8.8306658252829,-19.7897337340606,-7.31611705865683,-14.8774038101536,-13.217294269549,-22.2874602679774,-13.5037677623155
"357.203/3832.37","357.203","3832.37",2.20753117865494,22.6408542736125,6.93061136016002,11.5481451163998,-8.32272136713373,6.42444158858497,-8.73930655201388,-1.08385846595791,-8.1122571629439,-7.65632892807678,-8.05571721154791,-7.78139382973811
"359.2/3722.82","359.2","3722.82",-9.78857167662946,8.6801492591232,-9.17595723558273,-2.69682618693661,-3.83358247309123,4.00138549377184,-13.5674700166068,17.9514002908144,-9.97487903947641,8.78961547940163,-2.46044109505185,12.0751772002641
"360.0155/2690.74","360.0155","2690.74",-50.6488297896796,60.4846846532767,16.2682527388605,79.6160907495288,17.8505516219084,-50.4823623291008,-50.6546900768738,47.5382161493574,-50.5413978814489,-50.4590230134008,-50.5311825214876,81.5596896990596
"361/2687.61","361","2687.61",-14.1527846724961,41.597728799519,24.004029181351,59.8359428121472,-14.004555157889,-13.7972636216498,-14.1653003644776,-13.9498297794905,-13.9233446078986,-13.7474183364822,-13.9015278786976,-13.7956763739357
"361.054/2690.74","361.054","2690.74",3.78092540156344,-27.1246379965272,-27.2666836534209,-26.8691945937045,-27.1755757233708,33.209482816416,6.12603907651919,21.1373889679133,18.5965987093987,-26.910937695024,15.7718053006167,36.7247893896202
"361.116/3169.61","361.116","3169.61",-8.64304614024906,43.3316442334881,18.0789361825815,-7.92935004130616,12.7996687776081,-8.07404173037141,-8.66307725771225,-8.31822084832465,-8.27583185505319,-7.99426533737168,-8.24091461148943,-8.07150137179983
"361.138/3160.22","361.138","3160.22",11.5858576370154,-12.9981773239391,-13.2145809627439,23.1510018352625,-13.0757799038592,-12.7507628488342,10.2809839730841,30.5268019846774,-12.9484480587018,-12.6726093067939,-12.9142411190273,15.0299540938598
"361.1755/3170.4","361.1755","3170.4",-11.1443512493042,-10.8239444345167,-11.0476020268519,-10.4217367380437,-10.9041482900516,19.869886844366,-11.1646326774598,-10.8154669105546,24.9218797425738,26.5950941762741,15.5006859682506,-10.565664404682
"362.0585/2690.74","362.0585","2690.74",12.4024660266453,-8.47130017899959,-8.75556770954932,-7.96009647940358,15.0301781853548,25.7454643537128,-8.90431300229615,-8.46052529415564,13.9213979850814,-8.04363446704121,-8.36104169247054,-8.14302772687825
"362.086/2686.82","362.086","2686.82",-9.37016993692551,28.5914804298561,-9.25755167000319,-8.5290304233631,-9.0905682998791,-8.69955944424067,7.72809592851275,-8.98734118327707,-8.93738286455631,19.4517310593001,15.7968618630343,-8.69656545845828
"362.125/3169.61","362.125","3169.61",1.24179379214124,-9.67124519277066,-10.0691499659257,-8.95568548135937,-9.81393427660452,8.74725588785195,0.0264460828072695,12.0190920417353,8.62069563097702,10.7982916155245,-9.51691037308191,6.57335023870492
"363.137/3258.82","363.137","3258.82",-7.23205691068158,17.216574350284,6.58576317264851,9.77324038332093,2.32456271843775,-6.17487593636218,-7.26927369830014,-6.62854819855389,-6.54979162579416,10.6094790058939,-6.48491718030573,-6.17015608058741
"363.19/3265.07","363.19","3265.07",-5.27039240360293,-4.705130995566,-5.0997075143126,-3.99555654727463,-4.84662656375404,-4.25401130638891,10.1894122857628,24.4643316381048,-4.6144578420759,-4.11151114919983,6.49312400272499,-4.24947360441774
"364.2/3725.95","364.2","3725.95",-10.1105180010299,6.69082540354975,1.18409533072568,-8.54051535707823,1.83233319011618,4.67991933338138,6.12483992583858,12.7287160477971,1.38803566331881,2.10139229409023,-9.22590119521569,-8.85322263549389
"365/2687.61","365","2687.61",-36.4312878551991,65.2003625647714,-20.9408568766722,13.9467538184407,-15.4850250097629,27.8849859403952,-34.6309518644282,6.91207594345305,-5.67446775439299,-19.9217455441709,-3.40202093006915,22.542177567635
"365.1785/3392.62","365.1785","3392.62",-8.98568989815407,-8.43554070239802,6.30027865371809,-7.74493666238008,-8.57325339945271,-7.99648165703988,4.24377248250196,18.0793841128908,10.5812914070161,8.51308029480823,2.01016063860733,-7.99206527011779
"366/2687.61","366","2687.61",-14.0064704099357,32.9746132317465,-12.5255092331707,4.47978574622408,-9.40813318948305,14.1625408019192,-15.4946925727388,5.34792087917832,-1.21904647392739,-8.43738608414116,-3.50601227546108,7.63238957978969
"366.1/2792.46","366.1","2792.46",-6.68399234077647,-1.50837605379304,-1.43442050138229,22.0915423246007,9.60270997600051,14.8057544847394,-5.67534550761258,-20.936226256698,-20.8917814972983,-20.5965596680557,10.9140053099282,20.3126897303476
"366.141/2794.02","366.141","2794.02",-8.06563295649919,-7.71905840978218,-7.96098219262929,-7.28400227596156,-7.80581254107436,-7.44246673101424,-8.08757077568844,11.9960509593507,19.8967848394665,37.5375983861639,-7.62522373896867,-7.43968456336325
"366.202/3846.46","366.202","3846.46",-9.55702691580369,-9.03444626966269,7.47839803994747,13.076696092933,4.32486069257478,6.85438745759683,-9.59010574353481,-9.02061950398438,-8.95061950479817,15.0635604705997,-8.89295814432671,8.24787332845875
"367.2/3529.55","367.2","3529.55",-14.1555135526214,18.0787573701897,-10.9352381413851,7.0547113552496,-23.1807352315674,-2.87286533081984,-15.2631602229404,37.3526013475545,13.8386015529579,7.35677733511689,-11.0666026040701,-6.20733387766438
"368.2/3530.33","368.2","3530.33",-3.96412375086748,8.95849875996674,-7.80748831004159,4.89063246165527,-12.5321619595795,-1.7275734368335,-4.23737841456175,19.6954946223054,5.32827356638665,3.49321786430514,-7.3650817159441,-4.73230968679122
"371.195/3637.53","371.195","3637.53",10.7828811991767,14.5553684751326,0.174082902438024,-6.6495418909617,-7.49124924147649,-6.90515337569233,11.0897594519293,12.5703235865074,-7.26163462010316,-6.76422087021912,-7.19995002351235,-6.90066559321894
"372.2/3276.03","372.2","3276.03",-58.2928065746157,39.9520695912234,-3.72809584433001,25.5043544131223,-8.10238750246031,-0.624012734263465,-58.3036323233311,7.55975306723059,14.5784494090162,26.173724711867,9.85477444352208,5.42780934301904
"373.1905/3253.34","373.1905","3253.34",-15.3877468843604,-15.0710541072982,-15.2921191432421,21.9915324213044,6.49248074421856,10.1616424398398,-15.4077932176747,-15.0626748516698,-15.0202536592657,22.4321174834334,15.92660162015,14.2372671545648
"376.187/3452.09","376.187","3452.09",5.49598937744137,11.6148471095507,-4.41734069956206,7.69205715533365,-4.01367306964201,5.22850539362192,-4.74665582520912,-3.76413058243952,-3.64336073513189,-2.84115377707625,-3.54387853826551,-3.06120580862131
"376.2/3722.04","376.2","3722.04",-2.73614756574353,5.96258140154783,-9.01112680352288,3.95210717397751,-0.829793243327201,-8.00839746908045,-9.25592969762278,13.8156244887025,-8.43577353089213,6.64078823869037,-0.335400850958972,8.24146785822974
"377.0385/3070.24","377.0385","3070.24",1.92101586477505,10.7126251489143,-3.68570361928723,-1.31188663734218,-3.14160423779201,5.41397369959021,1.46662681287034,-2.80524852611272,-2.64246411053704,-1.56117773194959,-2.5083730966118,-1.85778356651736
"379.129/3333.93","379.129","3333.93",-6.15450795920841,14.934087665659,-17.3200979686892,-16.7809777549174,11.9849593738053,40.1180439321818,-2.99695390477647,-17.1201368336653,20.0605494150459,-16.8375945325537,7.01758558050136,-16.9049570133829
"380.1/3155.53","380.1","3155.53",-43.5645540357407,4.40184544027994,-11.6572366872818,20.9802918935213,-3.4001752271542,41.4226968346049,-27.3941823179104,-7.31763531466202,-2.07933924314852,12.5131624450943,-6.26789173257649,22.3630179449737
"381/2684.48","381","2684.48",19.870235485412,16.2718493987676,7.94548775016772,-16.1923141471431,-16.6313156273053,-16.3256310536363,19.1205802761809,7.42388855754372,27.5720213606691,-16.2521261965528,-16.4793854014636,-16.3232904026401
"381.105/3154.75","381.105","3154.75",-18.6402849275379,3.50542973591621,-4.33093916839152,12.3946835747669,-0.674000994273588,9.26660252418943,-18.6722013772992,-1.78338144192061,0.822168436272438,6.30931414852903,-0.943127591492732,12.7457370812415
"382.1035/3248.64","382.1035","3248.64",-21.3912018571241,17.094059665336,3.42267907782253,21.4224918803359,2.24191739799654,27.2916065002775,-11.4733230931948,10.3218828881248,-21.0626149366107,-20.8106664730173,-21.0313706468378,13.9745395968916
"382.2/3787.77","382.2","3787.77",15.6578070458189,22.7301301055059,8.78980799201841,-6.67395130605971,6.9411646929639,-6.89682428038703,-5.24682861005981,-7.27294074318066,-7.20764769787734,-6.77394229522383,-7.15386361408759,-6.89291128943112
"384.2305/3984.17","384.2305","3984.17",17.7565894850083,15.8143531926724,35.5492574956396,-7.81231251741416,-8.3464830335847,-7.97453055988957,-4.51943390570847,-8.24828683976743,-8.20076331194477,-7.88509093559761,-8.16161657908028,-7.97168249033333
"385.138/3179","385.138","3179",3.01893191251275,-19.1145139305279,-19.3152458996499,22.1519742340362,5.47620963989779,11.4544631986258,-19.4202805318254,25.5807110094454,-19.0683859939127,19.6841676498261,8.43467714677841,-18.8827084352066
"386.115/3179","386.115","3179",-7.65649592113767,8.61516902792298,6.22726432402264,-6.35240913767592,-7.22300683445545,-6.6167941044233,4.8484683164456,17.0614873110487,-6.98551103452895,-6.4710243014255,-6.9217092063925,11.4745615605994
"386.1555/3170.4","386.1555","3170.4",5.47799183621261,-5.89217515519965,-6.28757924039139,17.8043680864162,-6.03396748961377,10.5480145317199,-6.49447763744504,-5.87718774711779,-5.80131182805314,13.730697007076,-5.73881027417952,-5.43556208942434
"388.1/2681.35","388.1","2681.35",-11.9547533015543,11.8951188416232,-11.8382302050594,-11.0844488351209,-11.6654569962208,1.7790321704672,5.66488116567765,27.4238838500579,14.8504358425245,-11.1636086794711,-11.4643809062287,7.55752705330469
"389.1965/3355.84","389.1965","3355.84",-28.2175495374101,14.500890943446,-0.331365056754788,-27.4442273493806,-6.06752169167584,6.80387347478725,-0.316977031420919,23.2690794560156,9.80576675246448,6.88001830934652,-1.70691530452959,2.82492703511193
"390.1925/3355.84","390.1925","3355.84",-0.901121496314045,7.34826507135489,-1.65397815886632,3.0016039193907,-15.062050440621,3.42232663371503,-15.5871425315488,11.4720920715501,4.50466246800277,3.48279747477232,-1.32149432896626,1.29403931753065
"391.114/3628.93","391.114","3628.93",-33.0746143611509,70.272078755647,20.6580763121816,13.1952443565576,-4.45448266240562,-32.8358118302762,-33.0830211176952,43.5915465740405,-32.92050008865,-32.8023308866812,-32.9058458504939,54.3596607989262
"391.141/3623.45","391.141","3623.45",35.4455207437509,-29.6743957500689,-29.7689631325296,-29.5043334299665,-29.7083077161328,39.5060062649726,54.4950037423566,-29.670811265221,64.3904524591042,-29.5321240426041,13.5871413607317,-29.5651892343931
"392.114/3628.14","392.114","3628.14",-14.5263072378053,36.1731430366798,-14.4521448621872,-13.9723926175861,-14.3421814987334,-14.0846908942842,26.1993193714393,23.7910051825348,-14.2413044731487,-14.0227747502891,-14.2142044627432,27.6925332061236
"392.1365/3624.23","392.1365","3624.23",-15.8170409550715,-15.5339825487102,14.7143700076761,11.6539424411244,-0.172078276570685,23.1636926121252,-15.8349582666501,-15.5264932123045,36.3245118049893,7.79119027738361,-15.457344801843,-15.3058090821488
"393.163/3625.8","393.163","3625.8",-8.94409860328109,-8.35703042104134,3.24758815269876,-7.62008185954504,-8.50398463519796,6.76853749110144,7.14860522461813,10.0230513204259,12.6607233660329,-7.74050978263813,-8.19808236744831,9.51528211427476
"395.2/3720.48","395.2","3720.48",-9.33479178875666,12.0429720041389,3.72395217450554,-8.2621629397695,-3.15763841903475,0.66713214818889,-9.36489697568467,27.2336907056328,-8.78289773098516,3.45428229652223,-8.73041987265152,0.510778397893858
"395.2125/3711.09","395.2125","3711.09",13.5754676909617,-5.12841708932118,-5.6164691781594,-4.25074374784887,-5.30343309847167,-4.5704266966888,5.42535851365332,-5.10991794858247,11.8345046729502,-4.39416811040285,8.10305900051336,-4.56481400860338
"396.196/3329.24","396.196","3329.24",-14.0661035288585,-2.53099254631561,-18.7790972416656,27.5929978626022,-5.77818519820347,12.1437454561531,-12.3574506399724,-7.33909314886814,-1.09886805890128,17.0850195530649,-7.69496890299713,12.822996393962
"397.1735/3329.24","397.1735","3329.24",-6.57336436266166,-5.88786107653048,-0.194738633677964,15.5880015022112,0.149197402084332,8.22083190848051,-6.61675602915084,-5.86972360171384,1.74919121563233,-5.16796697158902,-5.70226182867739,10.3054504755929
"398.2/3343.32","398.2","3343.32",-39.8224698573578,36.0723844083455,-3.46889645298055,12.5067728038879,-5.90767206231827,-1.87222418031611,-39.837454189607,14.5637457425926,7.44092165551431,19.4360857599113,0.786149762502277,0.102656609825732
"398.3/4060.07","398.3","4060.07",11.1030626116233,11.8866126256271,-4.98229008230805,1.01342101178989,1.82511467603006,4.476711738599,-5.28927207225528,-4.3733786598098,-4.26079905090398,-3.51299529348604,-4.1680634296708,-3.71812407523544
"399.1/2798.72","399.1","2798.72",9.18480786276975,-8.88312987394997,1.37128225709475,19.9449290969156,-9.0180488450971,-8.45297785500405,9.36438454878922,-4.1174304873163,7.84800611813953,-8.3171009873222,-8.73719933374951,-0.187522501269747
"400.1/2788.55","400.1","2788.55",-7.95903881229794,5.79062209119392,-7.78406941617409,-6.6522022149505,-7.52463566504477,-6.91714466718271,-2.74517493649343,3.223688922351,10.9745785394999,18.0175929969822,8.48827622260454,-6.91249306048813
"400.2/3610.93","400.2","3610.93",-57.9247384288793,-57.8384013458219,-57.8986683040596,110.160014608978,0.504675037971338,9.81783861028119,-57.9302034791416,-57.8361169852632,59.6980456922532,84.5146491847305,17.2282039802373,7.5047014287139
"401.1/3329.24","401.1","3329.24",-6.98545993216258,2.02859705218462,2.66190108775721,23.4270178928794,3.08841672915192,-6.02760617651907,-7.01918002423705,-6.43865375562574,-6.36729674028777,-5.89331175573784,-6.30851755983914,13.834093182436
"401.2/3740.82","401.2","3740.82",-13.8922065654935,-0.0901269355032051,-13.8373978980714,-13.4828437053257,-13.7561310108401,-13.5658361775642,-10.2402015842713,47.3743470432736,72.2364051958799,-13.5200779165052,-13.6615513706276,-13.5643790749512
"401.2/3610.93","401.2","3610.93",-20.269384718353,-20.0825558981569,-20.2129703655633,-19.8480290843135,13.8761953950587,21.966275148581,-20.281210794202,-20.0776126643463,-20.0525868288924,65.212612042667,20.0681455725978,19.701122194923
"403.086/2949.74","403.086","2949.74",-4.15131991253221,-3.02360063525723,-3.81079668335808,-1.60797102987001,-3.30588999311164,7.94798604210142,2.23121967820472,4.65938981813115,-2.84270404180817,-1.83930513126201,-2.71827190250537,8.46126379126743
"408.1025/2895.75","408.1025","2895.75",-7.55004537735576,35.820344169044,-7.4343096540312,-6.68562175693046,-7.26270391321639,-6.86087129786601,-7.574306923838,0.972157223395757,-7.10527805643154,2.35480719712679,18.1836228238009,-6.85779443369808
"408.1/3444.26","408.1","3444.26",9.01759430361017,24.7642022859216,-6.53292237128864,11.6905378816928,-6.30505835581544,-5.77149116367447,-6.7188155698611,-6.16419555446476,-6.096022878937,3.92344376683291,-6.03986674659972,-5.76740559741636
"408.2/3441.91","408.2","3441.91",-4.19910686785176,-6.42069246851736,-6.73654213134019,-5.85269402058016,-6.53395650066271,7.35073783236013,0.558391486077641,-6.40872049360226,32.2178049572301,-5.94551308147403,-6.29818426040013,8.2684755487607
"410.266/3939.57","410.266","3939.57",-12.4661691053868,31.6033840669614,21.547844357578,-11.7783093361343,14.6191778355988,21.9403257740786,-12.4854750814969,-12.1531027306631,-4.99289141051475,-11.8408746501927,-12.0785950371084,-11.9153146827197
"411.23/3934.88","411.23","3934.88",3.3293340374914,16.8264778041503,-6.73458847223564,17.9045624111396,-6.50147026874339,12.7513505008595,-6.92476807739465,-6.35735939137837,-6.2876147605147,-5.82433994968096,-6.23016375554424,-5.95142007814894
"412.2895/4110.15","412.2895","4110.15",47.7533212716282,-14.6572982079861,21.1373108156428,12.6585790240791,5.3674805017834,7.1188858310483,-6.70264320477924,-14.6503132546931,-14.6149509193356,-14.3800585839613,-14.5858217709089,-14.4444915025174
"413.1/3625.8","413.1","3625.8",8.5787183438012,26.5049535292172,8.66599884388862,-7.07049690776307,-8.73637517195838,5.18789648537513,-4.03992556029128,-14.5559878903065,-14.4961948728138,-5.06006524288895,-0.412772774171278,5.43425121791114
"413.295/4114.85","413.295","4114.85",24.1593119087246,24.1356796714406,-6.18258279233011,-5.30378224671419,3.34945014846186,-5.50948797908879,-6.34690984712474,-5.8566333100587,-5.796369593726,-5.39607122755158,-5.74672833785162,-5.50587639418133
"414.1955/3061.63","414.1955","3061.63",-4.21334767643367,5.26156786020683,-11.1714886667669,-10.3038447484974,-10.9726171771452,5.55269432707547,11.4511421494765,-2.526593166167,1.42555880227185,-10.3949620940046,-2.90503039686695,28.7969207868511
"416.1/2687.61","416.1","2687.61",2.33712899691154,15.7905832856924,-12.8155569876782,-11.7861180095698,-12.5796006711062,5.99187047618502,2.86305991499993,10.2130218835498,6.05365882731678,1.97314690421026,-12.3049911187098,4.26379649819827
"421.0845/2797.15","421.0845","2797.15",6.69218620151235,-3.20613281023893,-4.04759749100411,-1.69291089194715,-3.50788295871013,-2.2440854830282,4.90591100692489,-3.17423790821489,6.55475947879593,4.83415431331835,-2.87975497176615,-2.23440848564197
"423.152/3254.12","423.152","3254.12",-6.57656703101634,11.6612770698816,4.27673657066052,12.3374766209357,5.49186317645403,7.28727816527609,-6.62005504871364,-5.87136383555317,-5.77933635416341,-5.16804895462605,-5.70353021360075,-5.33573016553467
"424.2/3443.48","424.2","3443.48",-25.6698634384181,-25.4237897500755,9.28384844048348,12.1900473686635,7.296173180583,-5.40606889081326,-25.6854396546556,-25.417278978478,22.2062268973993,32.9467873333506,20.2762163621803,3.40314112978028
"425.202/3439.57","425.202","3439.57",-7.39118373692409,-6.9085852593888,-7.24545953474326,8.00991915767093,-7.02938874042368,-6.52343659703958,-7.42173173371574,-6.89581636694155,20.8556859596111,-6.40177543650357,17.2777591601436,9.67401312825467
"426.1/3017.03","426.1","3017.03",2.30500979317249,19.543351759547,-0.903434347479838,-2.15203692008298,-12.3829651147399,-15.1087667385811,2.26075366385936,23.8293103779981,-2.3258979250712,-2.30386829510356,-5.32593896420284,-7.43551728931556
"426.2/3639.88","426.2","3639.88",-67.8198224169108,-67.727472857272,-67.7919367800376,85.7538429983296,-3.53308368555282,12.6123214588873,-67.8256680508754,50.1792325733199,53.1679005206187,58.3089781810945,18.3020189537376,-3.62631089533898
"427.2/3623.45","427.2","3623.45",-20.6979183499785,-20.5040864768649,-20.6393893732379,-20.2607687083592,15.1400351832339,27.6797115872138,-20.7101877120126,-20.4989579518988,-20.4729940531964,52.0627372724289,31.1540708749904,17.7477477076812
"429.2/3886.36","429.2","3886.36",-19.0863908440496,-22.1267092701755,-17.6742804948025,-10.9169751232081,1.72165201443098,20.315092062995,-16.60608905981,58.3499855463223,-27.1522138877051,12.2080324774783,4.36037315185511,16.6075234266692
"430.1/2688.39","430.1","2688.39",-33.9916561981011,-13.0910836687078,-19.372855660754,41.0220797415061,-0.295969928365547,27.4412687976647,-33.6867965113744,-17.6483584597874,-7.85944281818715,21.7349168955566,6.18578565341334,29.5621121571368
"430.2/3886.36","430.2","3886.36",-13.7165806733564,-13.3564671872163,-8.58983149891341,-12.9044155795582,1.72823593391827,13.3202129150353,-8.34811488297685,32.9151440113853,-13.2987016561923,7.5812890938581,4.21091813584568,10.4583113881707
"430.2/4071.03","430.2","4071.03",12.9499691035166,15.01005311774,9.15855814260618,-3.49474160401116,-4.52950929384737,-3.80898206465172,-5.08824555684695,-4.33928867037409,-4.24722853300362,-3.63572421794034,-4.17139549260815,-3.80346493057937
"431.105/2687.61","431.105","2687.61",-14.5439677619523,-27.1388267260865,-7.63767811981341,22.81748905841,1.24500252730782,13.8368318619076,-14.350506803376,-7.46865775563484,-3.65121030627003,12.0543177691722,7.18239591807108,17.6548103382644
"433.193/3817.5","433.193","3817.5",0.479988823987835,10.3952937687778,-13.2131206512031,-12.3804316342144,2.14413828090936,-12.5753437845703,7.42297896259628,-12.9042740587259,12.4348756723951,-12.4678781214927,10.7543118766943,19.9094608648457
"436.197/3625.01","436.197","3625.01",4.76768583964195,-9.82602387057314,-10.2574929701977,-9.05010479334731,-9.98074915833453,4.3519735284835,4.47753662591548,8.74820355020309,9.72071673757819,-3.87803861039534,-1.26469261061498,12.1909857316408
"438.17/3449.74","438.17","3449.74",24.7890154496942,-21.2966008425399,-21.4303183330372,40.3228343728027,18.3416422674506,-21.1437215152492,20.843025211213,-21.2915324108448,44.3480053834601,-21.0954298341443,-21.2447360090987,-21.1421837397066
"438.3/4050.68","438.3","4050.68",26.5742389806357,19.7841752493378,13.6411421213911,14.4575569013929,-12.6226158758773,9.69614661216829,-9.62445238528485,-12.5289288189146,-12.4835875558257,-12.1824107509544,-12.4462384280315,-12.2650260500374
"439.162/3451.3","439.162","3451.3",5.64052781059165,18.8397010215381,-15.6625223797209,13.3076718593176,-15.499878013566,-15.1190293851128,3.53075342449249,17.7256280116338,-15.3506730477439,13.1222873489308,4.58164654663395,-15.1161131969948
"439.3/4049.12","439.3","4049.12",17.1144151169051,13.5155385509521,-5.11160551800259,10.8224148904464,-4.8355439163653,-4.18911708438982,-5.33681867430031,-4.66488594533275,-4.58229344842177,-4.03367740574011,-4.51425922282194,-4.18416734292903
"440.1775/3474","440.1775","3474",-9.62101888039125,-9.09566183568419,4.48845214499272,-8.4361794619474,-9.22716859076335,-8.67638872886039,5.52732374561988,16.7859958725528,-9.01138971083268,11.8211920198545,6.732942558382,8.71190086707731
"444.1/2687.61","444.1","2687.61",-10.5764643695013,8.79237444909007,-10.3936938441502,12.9735844072252,1.44631982371806,7.90066803674744,-10.6147783443832,4.5541864196147,-3.31757190969256,-9.33552654209607,1.41950721541471,7.15139465801309
"444.184/2898.88","444.184","2898.88",2.16591302628426,4.3773454482301,-5.68264695519252,-4.09641834094735,-5.31906963879231,-4.46771569668369,11.0975693699144,-5.09431050256214,-4.98553493144471,-4.26299928233852,10.007994649097,6.25987285443545
"447.2/3870.71","447.2","3870.71",-39.8964749818411,40.710350457412,-1.99526277597774,8.38930236698802,-25.8430516157277,-9.47706321619761,-44.2673701351308,36.0880289023722,36.3164610729743,1.63636823536404,-10.6014137881043,8.94012547786877
"448.2/3870.71","448.2","3870.71",-7.20991132721595,-16.0980308790031,9.93872637539736,-15.7372227156873,-16.1699792928703,7.48707014692161,-7.04729748850961,29.1604087718433,30.963132088419,-15.7961839241262,-16.0202103114955,16.5294985563265
"448.2/3440.35","448.2","3440.35",-32.857529717119,34.3427673716917,-4.27624686411478,16.4178067593688,-6.67949266888442,-10.6571064741416,-32.874071984071,12.8455577525591,16.7405953774222,10.7598140283951,1.01868748244892,-4.78078106355502
"449.2/3416.88","449.2","3416.88",-7.9936390425049,-7.4696520400414,-7.83541726717505,-6.81188948470242,8.55801723556604,3.73085154117142,-8.02680689117252,-7.45578806410766,-7.38559968262647,18.7195833467127,12.7466333758392,9.22370697304103
"452.1/3077.28","452.1","3077.28",10.6252780754237,24.0062407305033,0.709099884351406,4.09313617076285,-9.20749888916554,-27.0261500762989,12.4037607924154,45.1418744368272,-27.1788989251106,-26.9657618278042,-2.55134331322035,-4.04973705868419
"454.1045/3293.24","454.1045","3293.24",40.9431399988462,71.358088398348,20.3378690677627,25.6495563786681,-1.74907487984196,3.48310846156029,42.8538762129056,-56.6008631478115,-56.5856144641693,-56.4843259356862,-56.5730536091061,23.3672935185243
"455.1125/3285.42","455.1125","3285.42",25.5292343480275,39.2008215747224,14.7600384375615,17.9541364640448,0.023177308664957,-20.5553895025514,26.2398703289175,-20.7279597065848,-20.6980018736672,-20.4990086435639,-20.6733245961973,-20.5535941393742
"455.133/3299.5","455.133","3299.5",-11.5024852916619,-11.275054263235,-11.4338107999023,-10.9895593679073,-11.3319845297158,-11.0935477719119,-11.5168814463331,62.0813066928055,-11.238572224561,-11.0362133124217,19.6063208734974,19.730481441347
"456.1435/3286.2","456.1435","3286.2",-6.27012731019009,-5.66869399813801,10.4288098947098,12.7687631453311,-5.81924407462662,7.61125055992398,-6.30819743212828,-5.65278089929234,-5.57221853697546,15.1721736773807,-5.50585660171844,-5.18387842427629
"456.1715/3301.85","456.1715","3301.85",-6.40140970188603,-5.86797689501402,-6.2403356956117,-5.19835699127562,3.66096888220742,-5.44225874300241,-6.43517546044397,24.1417947334543,-5.78240934328228,-5.30778244982496,8.84876611010649,10.0241755545728
"458.2/3044.42","458.2","3044.42",-9.69066813829737,3.50798556082089,-16.9117308122525,-5.11513489269761,-16.767015867465,-3.2317280427788,20.454381326092,-6.98442471323867,0.263295983047364,-2.11019784975565,-4.13846347477942,40.7237009213048
"459.2/3045.98","459.2","3045.98",-5.67467998131354,-5.15580978020136,-5.5180032622351,-4.50447036191764,-5.28569275625164,-4.74171364605719,17.5218183486763,-5.14208118779899,1.28819899883961,-4.61090852798625,-2.39789062872663,24.2212327849725
"461.2/3906.71","461.2","3906.71",-7.7038197368735,14.6877412467887,9.2025652119041,-6.45302059746124,-7.28804389783967,-6.70660225558013,-7.7389255816743,-7.13454214631335,-7.06025266037806,11.5025203643614,1.4264791639905,13.2659008890755
"462.2/3277.59","462.2","3277.59",-19.5473902573363,-19.2495587089604,-19.4574578046004,15.8024217087892,7.340205063629,20.4694361210583,-19.5662426939016,-19.2416784955208,11.5374856814267,17.822732425553,9.10261935313207,14.9874276067311
"463.182/3045.98","463.182","3045.98",-0.223164444606377,-6.64737307120152,-6.99163173710902,-6.02828617341348,-6.7708246027092,6.64896436885795,-7.17176787837713,-6.63432428059742,6.69383669294827,-6.12945381686932,4.85805357972715,28.3959713633501
"464.2/3466.95","464.2","3466.95",7.3061795096516,51.2038086570069,-68.9810138913955,-68.7593671080264,-3.21039719133377,25.285612258196,-5.6643524059554,38.7845052810034,47.2998982667209,43.1060321267184,2.43943280470414,-68.8103383072903
"465.2/3466.17","465.2","3466.17",-9.33479609189267,22.6408378964058,-12.8886447657653,17.7526277241044,-20.5474492459998,1.70965855167547,-20.7791044343169,13.9572124376813,18.3826607349043,12.527650126239,-15.5661330666185,-7.85451986641703
"466.1/3479.47","466.1","3479.47",7.18244980112068,9.98024479362735,-4.40055756976709,1.21423981423963,-4.00542914257981,-3.08019500680995,-4.72290634881503,10.9515005259617,-3.64295041142168,-2.85771337451091,-3.54557266530731,-3.07311041573758
"466.2/3694.65","466.2","3694.65",-15.781310646533,17.1850990422159,-16.7010525368807,14.6377418051267,-11.0107438350192,9.02479399059334,-48.2269116368218,28.2103532527312,9.6857100288567,15.1154619163873,-6.70582739114475,4.56668601048854
"467.2/3694.65","467.2","3694.65",-9.73575454460182,14.6071704742644,-8.93973976753265,7.84473644221675,-7.26528508560391,3.72730420151613,-25.056370941141,12.1710203043081,4.81418038545928,6.71250150922486,-3.73026850753742,4.85050552942735
"468.2/3132.05","468.2","3132.05",-1.22996843049339,-9.8263464645088,4.61028145138355,-9.11224969881644,5.87130130116085,12.5275150722379,-10.4312189583185,7.4898863455102,12.1787181460652,-9.22894331201138,6.51880958852472,-9.36778504073388
"473.177/2931.74","473.177","2931.74",-1.55664694997813,27.0990800700333,-3.93140889066182,5.53073627623377,-3.67005801029939,-3.05807785578063,-4.14462092854945,-3.50849403071768,-3.43030270801654,-2.91092121893793,-3.36589387806759,-3.05339187525792
"474.104/3078.06","474.104","3078.06",4.80128552708723,9.64812691107188,-6.98249854849189,-5.57854993699557,-6.66070138511482,-0.0166821740567521,4.55840353776426,13.8122897897538,4.33191383592849,-5.72598838266955,-6.28618894873999,-5.90141022553712
"476.1/3288.55","476.1","3288.55",-8.83096351252712,16.7867756068105,-8.68720654243267,-7.75725077301333,2.32533953704928,6.49041720980418,16.4908666414565,15.5125352762412,-8.27851176628632,-7.85491192105393,-8.2259808791221,-7.97110887692612
"478.1/3157.09","478.1","3157.09",2.33459376681639,18.3189618465929,3.57442087886681,-4.98421723239449,6.22249616955103,-5.29329449497387,7.42677172157336,-5.81488777958885,-5.72434025686327,-5.12288340000286,-5.6497532081722,-5.28786801140492
"478.2/3625.01","478.2","3625.01",0.856044662771954,10.4999027128678,11.4457427133119,27.4507375027219,11.1833491826736,38.8537903265471,8.20583694977198,-21.805140877819,-21.7725802358548,-21.5562979921926,-21.745758936779,-21.6156260080208
"478.22/3628.14","478.22","3628.14",-14.3259493236191,-14.0863715369857,-14.2536070278131,-13.7856287773417,-14.1463423656376,-13.8951710497365,-14.3411143558314,11.3117647291282,37.7015409801111,28.6823407570199,-14.0215061192684,35.1600440899745
"479.218/3623.45","479.218","3623.45",3.43516650866443,-9.08778596050152,9.93004017859548,17.78096922781,-9.19530086205812,23.8664864546715,7.71551287768666,-9.07642166700027,-9.01888828903269,-8.6367260427853,-8.97149610496559,-8.74155632108454
"479.273/3632.06","479.273","3632.06",-8.34074499601214,-7.91166161026103,-8.21118007409824,-7.37303186765626,-8.01906925671216,-7.56922188085631,-8.36790554147888,7.51511291393502,22.4838889424664,16.8485037183077,16.5110870162295,-7.56577736386358
"480.1595/3317.5","480.1595","3317.5",65.9297006588014,-89.3208135782394,-89.357473400133,121.653810055616,39.5569795888258,-89.2789003708583,64.6082399713939,175.408627129405,-89.3123892004583,-89.2656607832646,-89.3065943796183,68.6844743085298
"480.195/3322.98","480.195","3322.98",-80.3942096815316,151.394642624268,-80.3786478951539,-80.2779795726728,-80.3555738450419,82.3952684564721,-80.3974718809001,-80.3413097440142,132.541320253044,116.610553759776,79.5045373785575,-80.3011298528021
"481.179/3324.54","481.179","3324.54",42.5504760081958,-37.9051121929427,-37.9787696110447,-37.772652658913,29.3128147226525,48.8288263179181,-38.0173114529404,97.4547934474532,-37.8881858172971,-37.7942984391079,47.029472202779,-37.8200525267526
"482.2/3606.24","482.2","3606.24",-74.8956312620808,37.5501747561644,-3.13409439968385,19.5911389407032,-21.9469045017385,-12.9394275245657,-25.1391289874943,32.3955776233314,25.0321646436239,32.8892162555305,-6.64092178196297,-2.76216376182725
"483.2/3606.24","483.2","3606.24",-13.5274048086358,20.5622313243425,-6.47062815701317,7.90717389329114,-17.4507140234166,-10.3669907860411,-16.2333758776715,16.7852963099275,13.0044946484782,16.3475835368149,-7.27012987445659,-3.28753618561936
"484.168/3623.45","484.168","3623.45",-4.94868978374197,-4.25920960391286,14.3797040437651,-3.39370293522105,10.5828047071148,12.3320964026535,-4.99233318359042,-4.24096690595469,-4.14861061150837,-3.535139089628,-4.07253361653997,-3.70341942343614
"484.1985/3605.45","484.1985","3605.45",1.166377403148,10.6251299621456,-12.085957182424,8.06467206395286,-11.8369861744495,-11.2539947733123,-2.50204426617011,9.3159762313058,7.98687244182768,9.08908040120399,2.68040465474276,-11.2495307619707
"486.156/3466.95","486.156","3466.95",4.59495405377796,-6.44550489955233,-6.86568606032798,18.3685585702232,-6.59618232018222,8.38640138491042,-7.08554926329531,8.90863637299617,-6.34894783375003,-5.81336420122105,4.85696343648204,-5.96027924006083
"486.194/2799.5","486.194","2799.5",-6.82739291393925,-6.28354760448368,1.8624125474361,19.4816257507198,-6.41968232016338,-1.11855493636799,-6.86181777340679,-3.15769909643526,-6.19630979111449,19.0439747339803,2.32214514062219,-5.84515373684757
"491.2/3392.62","491.2","3392.62",4.58560666137583,7.86992146663907,5.3906217611674,16.6415253900607,4.27564180599434,16.288557681841,-9.81538272793902,-9.26690043789625,-9.19948219810357,-8.75166030988184,-9.14394751992884,-8.87450157332884
"492.2/3664.14","492.2","3664.14",-3.83162417774182,9.22046414292431,-3.16665254048269,2.59632139754079,-4.64189932275353,5.74969959648659,-26.2213560010297,6.90922917926117,4.12339172439287,5.58054943667549,-2.07771568987862,5.75959225460511
"493.2/3672.75","493.2","3672.75",16.5409223191588,-8.00213362962661,12.7112567563823,11.0898516576487,5.61636107025584,-0.0436051012042153,-8.59321950318296,1.41752458222017,-7.91296243959531,-7.41834685163116,-7.85162484485007,-7.55402401557545
"494.196/3430.96","494.196","3430.96",11.2514324850733,16.6646975111862,-3.53196549208496,-20.5142409712149,-8.93102825290538,0.312080237080337,9.9765771482514,35.6045991939447,2.74904378369464,-20.5774112085859,-2.35121345729166,-20.6525709771479
"494.2/3135.18","494.2","3135.18",-1.97899281269085,-16.4137772774026,1.79369330420595,10.3931717699446,0.932486576220796,11.4017049427457,-1.68239822790508,-16.4015580097585,3.19534751919354,9.13168743434487,-16.2887385436763,15.9173733247779
"495.213/3426.27","495.213","3426.27",12.5341135778549,10.6545836426126,-6.53723708142305,-5.23876523688537,-6.23961610521661,4.79081840862603,11.5694583644607,-6.05563038740987,-5.96658772659726,-5.37512683085142,-5.89324028342379,1.75722965825311
"496.2/3380.1","496.2","3380.1",-97.0384965888847,38.5435850127296,-53.4629092582531,129.480759204938,-55.9925219231684,-48.1487078777364,-88.3680732343885,18.5044526517028,40.5574593142055,96.5116989420582,-13.0880225764509,32.5007763332475
"497.2/3380.1","497.2","3380.1",-49.386239454834,18.8006179317435,-28.9554535962242,68.2633069759012,-28.3781864357133,-25.5169167772678,-46.8832937011439,11.7909051273841,22.1367840850223,49.6285640929061,-6.8481357461822,15.348047498408
"498.178/3359.76","498.178","3359.76",-9.71341219831343,-9.35539459396348,14.7652582189865,31.5026631707258,11.6428716725387,-9.06967052347516,-9.7360743515073,-9.34592194020064,-9.29796526174688,-8.9794157065516,-9.2584617280971,16.8455232416046
"498.2/3395.75","498.2","3395.75",-16.0686520115779,9.99773048294854,-24.2496580025411,4.17107085943157,-20.6849032758734,0.744252978359013,-13.7373923613995,8.90674055599205,15.9305627316708,34.2725943269551,8.08695933969784,-7.36930562366294
"499.1/3348.02","499.1","3348.02",-3.69787114576757,-2.44799408925936,7.94827844777197,-0.879019434004092,6.27737999956641,5.92411104308432,-3.77698710259188,-2.4149240601363,-2.24750225914823,-1.13541230725219,-2.10959127443702,-1.44046781782605
"499.189/3407.49","499.189","3407.49",1.63104030277689,7.14033947251607,-8.38895385083002,-7.0062594343872,0.844046165277592,-7.32991440820756,2.19142948192303,8.05975734901816,-7.78129055802659,12.3642330182427,5.59980444479563,-7.32423198309874
"499.215/3420.01","499.215","3420.01",-5.53570295441388,-4.87939524351679,3.60529744060103,18.4547275933907,-5.04368141472752,8.94613167998082,-5.57724657044269,-4.86203024349536,8.13410719614625,-4.19016141829481,-4.70170066499748,-4.35034540023028
"500.214/2800.28","500.214","2800.28",-5.48414244307882,-4.67130234259791,-5.23869932492372,11.973764513041,-4.87477151673275,-4.02259686179555,4.91018051129182,-4.64979571068134,5.22433483847021,9.95934063689563,0.889759393066969,-4.01607169295551
"502.103/3169.61","502.103","3169.61",22.2534869395281,72.2499913948258,9.5586397233048,36.6567551339641,-7.83557694885611,-84.6617164299586,15.1303598164718,87.018761189895,-84.7192163540921,-84.6389842147307,11.6123335836192,7.37516616602864
"503.103/3169.61","503.103","3169.61",11.3380401951029,37.7932013731762,4.24105505976857,18.827352856214,-4.52413856470729,7.16304757659754,8.87091543916837,47.6882365240422,-45.1170380752372,-44.9667287152713,-45.0983981155749,3.78445444672081
"503.161/3171.18","503.161","3171.18",-16.3498504087715,-16.1740305592772,-16.2967602966229,-15.9533233414664,-16.2180415763911,-16.0337135400586,-16.3609796278808,-16.1693786077009,58.162610298188,50.6590478612695,36.7667219243943,-16.0323021256824
"504.109/3254.12","504.109","3254.12",-20.1379670480429,-19.9564870781213,35.0199157147425,40.9031481112337,-11.5403542825817,22.8021658721231,52.2720901824454,-19.9516853675376,-19.9273760138702,-19.7659024913591,-19.9073515792852,-19.8101960197466
"504.167/3268.99","504.167","3268.99",-19.2460371206235,-19.0925261932311,-19.1996833535446,-18.8998234364846,7.83881281908514,-18.9700133153557,-19.2557542074685,88.9106358017453,38.701542866114,-18.9313138199141,17.1129409481349,-18.9687809884572
"505.161/3268.99","505.161","3268.99",-9.495386863517,41.9427894148945,-9.39629524613583,-8.75527713602841,6.94160344183718,12.2532757180773,-9.51615932522575,-9.15853990772775,-9.11458211349976,-8.82259492318187,12.0238563751733,-8.90268943466594
"505.191/3260.38","505.191","3260.38",16.8972347409016,-11.6640387290097,-11.8600999998099,-11.3114580217207,-11.7343465136688,-11.4398817015617,-11.9626906511766,43.3028773070304,17.7852085199159,15.012814702843,-11.587992692575,-11.4376269611686
"506.1965/3394.97","506.1965","3394.97",7.4260697261817,-51.4362307936253,-51.5554354812453,13.3124513050077,-17.0331694280695,-4.01637961315643,13.0880904079215,58.7211407555036,22.6993997527844,15.1754861809227,-1.16857115168797,-5.21285166053701
"507.2/3393.4","507.2","3393.4",1.33846125175485,13.8570175553222,-32.8628914992561,5.40172220849544,-12.0553795444475,-4.89937043457598,2.56899897607773,30.5537384453047,8.55406322610197,4.81256072001961,-5.0981824758878,-12.1707384289092
"508.1/3374.62","508.1","3374.62",-7.64738747715982,-7.15904319156274,-7.49992828546977,-6.54602305238112,24.2583623278021,-6.76930895675085,2.11519414886964,-0.973766124247392,-7.08070825531132,-6.64619930081016,8.65370204675947,15.2951061202619
"508.2/3529.55","508.2","3529.55",-24.1834659188381,79.6526446879031,-45.0955493092577,13.3202656151015,-84.1937721183587,-42.5638312866558,-15.0386243364293,151.594001760535,44.224916001298,13.153305362256,-37.110271455839,-53.759619001715
"508.3/3850.37","508.3","3850.37",-7.0558685687816,56.797072407205,-6.96885667755175,-6.40598163779465,-6.83984085058602,-6.53773692955708,-7.07410877139959,-1.25591628277823,-6.72148567783686,-6.46509307555733,-0.317240963317284,-1.15494297204462
"509.2/3529.55","509.2","3529.55",-12.4849484202254,40.7716884842387,-24.653574203514,5.71978574669427,-44.2639015169281,-21.9876911603728,-9.60905404161589,80.4561668026685,23.3262385274844,7.28299448429454,-18.413843293813,-26.1438614089113
"510.2/3775.25","510.2","3775.25",-40.7353374143842,55.3960180645533,5.88425046550079,-20.3430166829314,-26.8691664908816,-21.1683913396165,-36.7341101875722,119.219654532143,4.3724034661077,-3.60308279022709,-17.1701648704214,-18.2490567522706
"510.2/3528.77","510.2","3528.77",26.9336635789781,-27.3385773227827,-27.5088178253699,13.5937847840345,0.655466131772686,10.9037965176693,24.2245078365802,-27.3321245217625,-27.2994562841807,16.1374669108704,8.95626173989514,8.07402845429546
"511.2/3776.82","511.2","3776.82",-21.5136489581447,28.6930827035398,3.39385588999042,-11.3704242420241,-13.9566772457219,-11.5501174759662,-19.4591349731291,64.8024319296508,1.86399530404824,-2.10816297594376,-9.91820855655319,-8.87699139974636
"512.278/2922.35","512.278","2922.35",-9.02735036764137,64.6514616852038,-8.95376055199589,13.9137257921931,-8.8446461449009,-3.36933178480736,-5.01580825195338,-8.77719292715962,-8.74454792590813,-8.52770533039695,-8.71765713724189,-8.58718705539145
"518.2/3416.09","518.2","3416.09",-25.4573097836439,13.4418156767464,4.48999752616669,25.7839319144633,-25.2372732994364,3.98002139899394,-8.89367044535991,3.45411857885023,13.9513314878022,19.7837820218735,-0.369537915794186,-24.9272071606619
"519.1525/3409.83","519.1525","3409.83",1.8713542878329,11.8868963135585,7.45497800402747,19.0201996394471,3.38786965739476,-7.28036484401329,1.02258080211163,-7.72299122990267,-7.64615219857801,-7.1357532293562,-7.58285729664948,-7.27575990587268
"519.188/3421.57","519.188","3421.57",-5.38633282400318,-4.81306054895039,-5.21322899379404,-4.09343003374503,-4.95656138791045,-4.35554760563132,-5.42262038070765,-4.79789255244007,15.5039358031331,19.7783766697558,8.1073074497827,-4.35094559548957
"520.194/3249.43","520.194","3249.43",4.23221146792963,-13.1114144080426,-13.3552170858184,15.7904338298878,-13.1988423130969,-12.8326745870108,0.686712350034609,15.807740457728,16.5613873030915,-12.7446259620786,-13.0168509726361,25.1811399200118
"520.2/3234.56","520.2","3234.56",-15.6964464325313,15.541922105881,1.70569680271874,-5.21099306598063,1.79299815901542,22.7587877327838,-21.1634288075899,-11.2173895339256,-10.628533983938,34.0527386755698,-0.898627852941131,-11.0367237990622
"521.2/3235.34","521.2","3235.34",4.84180231568469,-0.0945327827430013,-5.20688741947272,-12.8622974311186,-4.37723635519837,-0.102056954599869,-14.0478168036155,-1.45777265699254,13.4138902339553,22.5292837537564,-4.16095109600173,1.52457519634597
"522.2/3404.36","522.2","3404.36",-67.4303302701341,39.577534325177,-64.5484964646516,95.7860469852351,-64.9573499601776,43.1364477494583,-91.1853552117183,41.9758375226885,23.9748710278542,55.7411086724151,-23.888425879508,11.8181115033611
"522.3/3538.94","522.3","3538.94",-3.99549427110153,-3.35883869355878,-3.80325138095564,-2.55964291659004,-3.51820556595388,-2.85074126788917,-1.66945218603228,-3.34199366197662,-3.25671325551881,-2.69024292396327,24.2969949711712,6.74758115236886
"523.2/3404.36","523.2","3404.36",-39.0381866998494,24.2464450432663,-35.600592282412,49.3845960554812,-35.0580240665439,23.6573072040927,-49.1545639668317,21.8086594586727,11.4993156965705,36.2263154910739,-14.4408184614509,6.46954652793059
"524.2/3704.83","524.2","3704.83",-13.1374261038439,65.193191834628,-14.3528527236942,57.3125997911243,-9.65979068287996,-25.7257569496829,-68.0073174631918,47.9305498935652,-157.163938184199,71.416199808855,16.7351783542024,29.459362425117
"525.2/3719.69","525.2","3719.69",-18.1943699678647,11.9002321697548,-18.7825030428187,30.9178661941094,-15.063027038648,-24.7662054890427,-56.277733927615,24.3750604131999,10.3797472797167,43.192633688102,1.96056550602771,10.3577342150784
"526.1/3179","526.1","3179",10.4115071442552,68.9338771294079,9.79793290802547,51.8926308876907,-7.4932193004053,7.06786304848151,20.7903689048572,107.349213932049,-92.9097957300907,-92.8378788730673,-92.9008772747512,9.8983772235473
"526.156/3179","526.156","3179",-33.6412523068272,-33.5564803106397,-33.6156547716365,-33.4500657534631,-33.5777003366249,-33.4888260960989,-33.6466182886694,-33.5542373601286,117.338313979146,109.381264436152,75.2994023877891,-33.4881455789988
"526.2/3690.74","526.2","3690.74",20.1967298973028,27.1994452999598,20.2070871863826,32.2113213151786,-15.6701063833808,-15.3954746941378,8.66753302256756,-15.5976030704781,-15.5625139995679,-15.3294368080053,-15.5336099482838,-15.3933718175376
"527.1/3176.66","527.1","3176.66",9.90003397158875,39.1884551898454,9.41050751056306,33.3195654802506,1.20093867004902,-44.3864050138088,13.4133546616698,61.0078428249052,-44.4771710149819,-44.3505212747406,-44.4614650998621,10.2348640945216
"528.107/3280.72","528.107","3280.72",10.5878186291043,-8.88544162782387,5.04252763704546,-8.53169980246631,-0.64986101842391,-8.66054640690872,54.8723625375875,-8.87798564220457,-8.84023863763201,-8.58950627033223,-8.80914515673657,-8.65828424120915
"528.1205/3183.7","528.1205","3183.7",14.3508735975707,68.1946378352083,-4.00513513145241,2.34031981390469,-6.73586000600372,-19.2671040503082,-3.81903067472722,9.19223901291622,-19.4035442806276,-19.2131633064185,-19.3799350145079,-2.25429779555445
"528.145/3236.91","528.145","3236.91",-1.77604973493489,-16.7204456069504,12.7434631134501,15.4841974820292,-0.484456561547737,0.530069792409347,-16.9840873885154,55.2447984938811,-16.6806726188688,-16.4600594378836,-16.6533142374914,1.75655670442257
"528.176/3244.73","528.176","3244.73",-12.113696903806,-11.8287287579929,-12.0276486512138,-11.4710073357076,-11.9000616477568,14.3630572296067,-12.1317350999655,17.0458741668456,36.393442092698,27.0210947084823,-11.7515739513055,-11.5990158498846
"529.104/3249.43","529.104","3249.43",2.17668908210934,26.3000164180201,11.2658193201462,-5.76391894637798,-6.53050421784643,-2.6896592006036,-6.94443189848227,-6.3895833814921,-6.32138261904972,-5.86836286788111,6.75794825976436,-5.99262994830673
"529.146/3250.99","529.146","3250.99",-7.41120428547808,-6.86560835638558,0.426462095320307,14.4339984805804,3.24327737509526,-6.43018314877541,19.5632519305771,9.25442839995285,-6.77808972744895,-6.29264058076708,-6.71788886893749,-6.42580331373324
"530.2/3355.84","530.2","3355.84",-5.48366791603577,54.7534585267487,-28.7430592554677,4.62109335287167,-64.2877286201431,-16.6158445207569,-5.09170345331741,110.392787296967,17.845390510681,3.31171993879315,-35.5445973318409,-35.1578485284995
"531.2/3355.84","531.2","3355.84",-1.89466978738907,33.1321413980111,-16.2367078412713,2.56882438371127,-35.8455878300377,-8.43778427692331,-3.80134596124846,59.8769631663924,9.83760625644294,0.217101917887036,-21.0508944201336,-18.3656470054413
"532.1645/3352.71","532.1645","3352.71",25.6470520850814,-9.69195840045303,-9.93732393042743,25.277635694257,9.89262461184648,-9.41143176909535,-10.0657134356074,-9.68265805818377,-9.63557373156493,-9.32281872465671,-9.59678878354653,16.5269544423503
"532.2/3490.43","532.2","3490.43",3.28117750861746,17.7507502644676,-0.340713284229021,-5.5657660073794,-26.867427151543,-25.0740932192324,23.488884627379,64.0130029051502,6.89018003274576,-10.3653500427331,-20.6028523441733,-26.6077932890698
"532.2/3355.84","532.2","3355.84",-17.899182095701,24.9569345468903,6.98281404917755,-17.1741924062603,-17.6581896078426,8.96278169810657,12.4623833082313,-17.569216739489,16.0848382443427,12.3892779002143,5.78034425437131,-17.3185931520411
"533.2/3490.43","533.2","3490.43",4.01497757273586,11.9864425461507,2.30800701169038,1.79878273930763,-10.8765755432672,-18.7806808542385,14.1394068994162,35.2190713649812,5.14707428868169,-18.6992997769318,-7.47911685160391,-18.7780893969222
"534.2/3591.37","534.2","3591.37",8.67354105067166,23.1797666424059,1.43193341748192,-5.62118644177174,-22.0804032619725,-15.5990649054807,-0.369266174504373,44.2947092529577,4.2666501520501,-4.58198048598659,-14.9424343176438,-18.6522649282075
"534.3/3866.8","534.3","3866.8",-23.1172906587732,19.5815156762949,-26.8007690028206,-26.2833630269551,3.1953107057658,18.1180620763611,-25.1391469295981,5.19480073405019,8.50028022643867,11.4566472469963,10.4457245752375,24.8482283770026
"535.2/3591.37","535.2","3591.37",6.44205844288806,12.5324114545574,0.8390862622328,-1.45676031829238,-12.3755067878221,-7.68667880551357,0.17832624775878,24.5727816177359,1.86377888914253,-1.95897648482616,-7.91162056321762,-15.0388999546437
"536.2/3719.69","536.2","3719.69",9.73482156083971,37.820822943417,-4.29241915000631,-20.5857920574346,-30.7354570423293,-19.1386930195621,-19.6943089944549,106.519779408029,-2.99157830670599,-12.1856716167959,-19.7648344363099,-24.6866692886868
"536.2/3578.07","536.2","3578.07",-13.986914463139,-13.6878945919293,-13.896623187479,20.0226582635233,11.8574168010864,14.695080890327,-14.0058421193409,-13.6799829371007,-13.6399290413128,27.7358585389473,22.0330264301673,-13.4468545837497
"537.2/3719.69","537.2","3719.69",10.703262125237,26.8917232941004,2.4962486166383,-4.79336776283394,-10.1258561514168,-4.21964530801718,-4.36873942372135,58.8135613616082,-19.3295317630321,-25.0908178435766,-25.2626802334053,-5.71415691158052
"537.2/3578.07","537.2","3578.07",-6.40350076417746,-5.8260134957385,-6.22912418534398,-5.10109188589264,7.77393158489903,-5.36513668133391,-6.44005512571127,-5.81073397629614,6.91211532358523,17.8124685548408,14.0376414860093,-5.36050083484048
"538.2/3712.65","538.2","3712.65",8.75349276157784,7.97003483044669,1.19048728095964,-6.61981396863155,-7.33642689978217,-6.8374365130902,1.7536270367481,28.9064586476354,-7.14093756877331,-6.71744937530438,-7.08842052761553,-6.83361570417051
"544.1/3391.84","544.1","3391.84",0.741032373216163,-4.19512733066921,5.63010408727612,-2.83903532691491,-0.604596191686419,-3.33297705918992,11.3321246959214,-4.16654433099647,3.64874221177182,1.0132216822065,-3.90263990922399,-3.32430490171111
"544.2/3204.82","544.2","3204.82",-18.2198216180155,6.54096350689257,-17.1726243113578,29.5938080313612,-17.6115028504625,14.6864843529935,-22.731400578262,20.4400657265117,6.50419679092313,16.0659373122162,-20.1667743376722,2.07066797487173
"545.2/3204.04","545.2","3204.04",-4.98645208939118,7.49259443512255,-3.71080477669585,16.273650437229,-5.72380318928482,-32.5818622219294,-6.92259663248718,13.9554034601844,5.92254449020916,10.49936259355,-4.10839250799043,3.89035600148371
"546.2/3200.91","546.2","3200.91",-11.0807294842583,-10.7010276346787,7.46587585716986,15.822845965822,-10.796074153306,-10.3979979603954,-11.1047642283005,23.8323750837481,13.8996170550202,14.0530531423049,-10.5982237836743,-10.3949498594517
"546.2/3694.66","546.2","3694.66",-0.296834375421321,13.7153177583443,4.73368263249588,18.6430221800561,-13.352149304947,-12.9942350867117,-13.6296955858759,26.1565646390728,-13.2119293469129,16.4020110917814,-13.1742600926921,-12.9914945091896
"547.239/3017.03","547.239","3017.03",-10.4964840248857,4.3595812149509,-10.3939803644172,-9.73088993912063,-10.2419943044036,-2.54231986596008,19.1094722615218,-10.1480383450332,1.9951111809714,-9.8005256941949,-1.80432729941538,39.6943951799866
"548.1/3185.26","548.1","3185.26",-0.426270052109481,12.1361539702001,2.55577167029404,19.3964467256339,2.40922772328588,7.68198572571285,-20.5711415402361,-20.1449956139479,9.42698670228158,-19.7446773436963,0.26467383418111,7.01583819840027
"549.1/3182.13","549.1","3182.13",-4.1673590057164,-3.25018380373505,10.9169995076874,-2.09885084755006,9.24651824261848,7.70697155341062,-4.22541527077259,-3.22591660842769,-3.10306042562335,-2.28699510068554,-3.001859643835,-2.51084859737085
"550.2/3665.7","550.2","3665.7",25.5370776236878,87.580167808535,26.558794304874,42.7299037066566,-23.7658044977901,-6.17876175132737,-5.19926747467247,20.470733550817,-70.9265946477749,-70.8236726204337,-16.3008966262529,-9.68167937631882
"550.2315/3642.23","550.2315","3642.23",-29.2742250703746,-29.1530879683513,-29.2376468208182,-29.0010241778401,7.92171546053368,22.5127498764494,-29.2818929267318,50.2417126231848,-29.1336564577459,104.588541354276,18.872253421369,-29.0554393139511
"551.2015/3643.01","551.2015","3643.01",6.746985503866,40.5201470507798,6.10046621660419,13.9663045032691,-1.66333210726663,14.1785308636853,-11.4796062948655,43.4684411719681,-45.2146843534723,-8.30520037793273,-45.1939738679977,-13.1240783086378
"551.258/3617.19","551.258","3617.19",-10.6825736223281,-10.4081112803673,-10.5996976754018,-10.0635778271638,-10.4768143697164,-10.1890703824114,-10.6999468117017,-10.4008493840115,33.4196993110433,35.2588844763101,25.0289246696547,-10.1868671039063
"552.303/3837.85","552.303","3837.85",-2.86789932139791,72.3288764531026,-10.2073596703565,-9.76975045020493,-10.1070558525676,-9.87218407473352,-10.2891882885307,0.416471985147759,-10.0150401986669,-9.81570684967953,-1.60541811203248,1.80425437991962
"556.2875/2912.96","556.2875","2912.96",-6.29092333346057,57.6681536213486,-6.8465134013752,12.5402662801161,-11.2053298517884,-5.15911906369578,-7.56991108186091,3.79181534173175,-11.0954382293582,-10.8573802012287,-4.05293858482761,-10.922681495601
"558.176/3393.4","558.176","3393.4",-7.1480517313538,-6.51501685228349,8.17856656854829,14.2241976875265,7.8638560737579,6.73294174671787,-7.18812220060518,8.46367495506212,-6.41347220773776,-5.85022342694922,-6.34362336694615,-6.00472724573709
"558.1775/3535.81","558.1775","3535.81",-6.19566713266716,18.1966504915667,8.79526719775899,-4.82093213538411,-5.73869400330195,9.91959927810604,-6.2342514520324,-5.56998247855096,-5.48833199365104,-4.94597321308152,7.17706217253912,-5.09474673130167
"558.2/3534.25","558.2","3534.25",9.3878271682824,-7.46644222390198,-7.84868264348869,-6.77905201704306,2.49713816336587,-7.02942640800237,8.12632876243421,17.5716886365261,12.7752156494056,-6.89138139699119,-7.3181831171642,-7.02503057342273
"559.1965/3531.9","559.1965","3531.9",5.34275620574831,-3.12717453761296,1.30876263189024,4.37190519739776,-3.39189758600325,-2.28317793166177,-4.25165950932778,12.1201299030928,-2.95753478206132,-2.01657540488115,-2.84084580914243,-2.27468837743843
"559.224/3531.12","559.224","3531.12",-4.07994753257325,-2.94417241696427,-3.73699178305609,-1.518430292024,-3.22847830275796,3.43343813513079,4.7253397500744,-2.91412136837925,10.1366117660447,4.79203837393207,-2.63666257499549,-2.02862375443169
"562.9885/3722.04","562.9885","3722.04",-4.03518285570835,28.6568152434545,-3.86276456859833,-2.74740034837298,-3.60711344343481,-3.00847985603881,-1.16261777815512,-3.44907298415386,0.368605138101123,-2.86453253230322,-3.30958277305172,-0.978673241738404
"564.2/3460.7","564.2","3460.7",-5.27213203099967,-22.144239403363,-6.04412695790021,2.90396931216278,-3.75760581528964,0.531316840782722,-6.37554087987357,9.56430424654722,9.30406235541094,15.5653249004423,-0.173809825099816,5.89847725718001
"564.4/4144.58","564.4","4144.58",-4.85156252081283,-4.00156283981215,-4.59489879074807,-2.93455552935643,-2.01842025950609,2.89171356126651,-4.90536664315635,7.75709443977289,13.7970583326177,-3.10891976729242,-3.77142637706892,5.74084639409614
"565.2275/3456","565.2275","3456",-5.14441664292343,-4.37812117271803,-4.91302802230289,8.67398165810449,-4.56993934996311,-3.76656168993394,2.04776712238781,10.6936530724062,12.8611043635677,-3.57338164366689,-4.1706475314084,-3.76041016354949
"566.2/3582.76","566.2","3582.76",-0.649444964000666,-18.6297585205059,-9.4375420654074,4.56294379335563,13.0207668483825,19.7362137601001,-19.0292494164128,9.59288125166477,-4.47344043036967,-18.2352007863533,9.08203611878458,14.4597944107622
"567.192/3576.5","567.192","3576.5",3.98070150989133,-6.41659731269545,-6.86676691100946,-5.60704877347701,9.65400875932364,12.0646912831595,-7.10232180733353,8.02469332518279,-6.31314894426704,10.7205204458458,-6.24199060156138,-5.89674097305921
"568.2/3211.87","568.2","3211.87",-12.1776838311778,12.8166874301478,-2.77888563712943,-59.2848909043964,-10.7396781208376,5.47409977951862,-1.75560243835545,52.2134411341363,26.1101674861369,11.2222895253552,-19.2381197162378,-1.86182470716034
"568.3/3620.32","568.3","3620.32",-4.1289850824929,50.4180754502981,-6.5711010765099,-9.90478980120593,-6.01745493067603,-6.56145070051008,-10.6113158504237,-2.74356759101696,-10.2384266372382,-6.47981452495249,-0.129656413377328,12.9684871581054
"569.2/3210.3","569.2","3210.3",-13.9454499321477,3.62195527684175,-6.64366889734147,20.7743344176778,-11.497156231156,-3.59434612202248,-6.96899778680338,27.0137493770377,12.4383296985098,3.68238119357469,-17.892789280534,-6.98834171363678
"569.3/3613.28","569.3","3613.28",-0.16571835534541,30.8815689871352,-1.6372533649112,-3.09783283203615,-3.89702387693718,-3.34053287433189,-4.32855746871508,-0.572212982892891,-3.67900754493335,-3.20671914888353,-3.62043875950744,-3.33627177864109
"570.1/3107.8","570.1","3107.8",4.5076173454942,16.5867727812511,0.737569141141197,15.1984728866409,-15.6909026691874,-15.4093686560055,10.565947214486,45.3843577523746,-15.5806061637616,-15.3416710383119,-15.5509756663574,-15.4072129277641
"570.2/3204.04","570.2","3204.04",-2.17323721748226,4.32782698655367,-9.30708537763101,-8.18407959703989,-9.04968274074595,2.2180802275226,3.09125935526641,12.9256407490201,-8.81354943624283,16.1596092066944,7.24755046220142,-8.44233261811667
"571.105/3107.8","571.105","3107.8",2.42686232172368,9.00052458172381,0.144791248027021,-8.2376864682751,-8.96466119087011,-8.45845570367562,5.66453544261243,25.5995268900753,8.32894494686125,-8.33673362413296,-8.71306879590991,-8.45457964815982
"571.423/3717.35","571.423","3717.35",-7.84454544140301,59.2347243149624,-7.76159303053886,-7.22497854137928,-7.63859634887645,-7.35058687997905,-6.7645246801672,-7.56256127550243,1.47968855555334,-1.00432393317598,-0.214321170833232,-7.3483815686603
"572.2/3401.23","572.2","3401.23",-6.74819421919936,1.34351945065028,-1.92121122985503,6.75256406861406,-3.46219029498731,8.42035587944395,-7.91346869805751,8.04943938324024,-19.0286553276586,9.09853205840107,0.598163267224672,4.81114566218355
"572.2/3663.36","572.2","3663.36",-3.65595477791611,27.9561760082023,-3.47226717905611,-7.21490894761463,-7.70711913042936,-7.36438438649711,-7.97289441589443,39.1847037166488,-7.57284603100356,-7.28197045219907,-7.53677436482856,-7.36176003941222
"573.214/3415.31","573.214","3415.31",-0.388753376499226,-5.02811475147942,-5.67895270089588,-3.85770050495692,2.44716174779306,7.6720701715598,-6.01950894075023,7.39020741081708,5.69355800449934,-4.04896291353138,-4.7756750615171,6.59467091496088
"576.259/2861.32","576.259","2861.32",-4.08651266422406,-3.42434458483726,-3.88656608426164,-2.59312288293691,-3.5900977165683,-2.89588632834074,-4.12842723566644,-3.40682452751989,3.36350793486577,4.73413191818978,-3.2450633181053,23.159205489405
"578.291/3836.28","578.291","3836.28",8.34992237286026,29.7742026255509,7.34996660553244,-9.70133262410356,-10.2776778919626,-9.87635838518883,-10.5888830101008,-10.1717287429267,12.7563745916384,12.3370154510024,-10.0782155423681,-9.87328544993392
"579.1/2787.77","579.1","2787.77",20.153254510993,14.4299781982862,17.9489759463905,4.97091788356,-15.1468404661006,-14.8097906422404,22.1825508654881,-15.0578586413501,-15.0147945462986,-14.7287437027907,9.87956041910128,-14.8072098250388
"579.4485/3513.9","579.4485","3513.9",-5.07866758068824,-4.45422721148095,-4.89011316361472,-3.67036522449355,-1.56910502253325,-3.95587840991547,-5.11819402613527,18.2861971135687,-4.35406120574003,3.05255914834559,-4.28516068007442,16.0370162627616
"580.109/2792.46","580.109","2792.46",6.53847398235039,-14.2932332693009,6.6586569437812,-13.5623218175264,4.70619323204188,5.84478143196103,9.18451228043302,5.09401075427563,1.22515126909325,-13.681763190644,-3.71673611418683,6.00227449772165
"580.2/3390.27","580.2","3390.27",-4.915528356366,-15.2017116899981,-8.75261682619922,-14.6535418070734,11.3104560581048,-14.8532067124067,0.457474421734302,3.52062206522972,-0.88927205096197,14.2842865247921,12.4021269953494,17.2909113777952
"580.197/3587.46","580.197","3587.46",0.347479032811039,-12.0373635717202,-12.3594333011518,-11.4581794598557,11.7436286618166,14.9316737647016,1.31226679300609,8.45639284374064,-11.9633523809275,-11.5528264180352,9.35002690479795,13.2296871308164
"590.174/3210.3","590.174","3210.3",-7.02562889719686,11.4412538328696,2.51609703882244,12.2456502053983,-6.55275914912421,8.18537333343626,-7.06555544036831,10.3922200242256,-6.29368785406787,-5.73246216386338,-6.2240898980308,-5.88641103210071
"590.265/3005.29","590.265","3005.29",-6.80089212316979,-6.33041831923364,7.4305373219138,-5.73983105267514,5.88613800970066,30.0371781576453,-6.83067264035376,6.59345937620768,-6.25494997338367,-5.83634144923858,-6.20303806313313,-5.95116924427974
"590.291/3003.73","590.291","3003.73",-14.4444392759653,8.9332074512045,-19.9910973568393,-19.6350793567314,-19.9094949523013,-19.7184144705022,35.7342407490018,-19.8590493245601,3.37822343755645,-4.73495135069894,-3.31221527153242,73.5590697213682
"591.264/3003.73","591.264","3003.73",0.292094740963065,26.1276801334164,-0.204639950942465,-4.41157233544223,-5.26309718928839,8.83462023511543,-5.72288910138855,-0.459777825789722,-5.03080438967546,-4.52758890698777,-4.96840031649679,-4.66562509348352
"591.299/3001.38","591.299","3001.38",-10.3589506710778,-10.0541735832375,-10.2669209610063,-7.30006400456954,-10.1304650239789,-9.8109393146673,21.5456006401546,-10.0461096003694,3.58428364215379,-1.5673794967726,-1.04827775709541,45.4533961304664
"593.452/3714.22","593.452","3714.22",-8.20838825532995,-7.79097599251675,-1.6018003218906,19.8438210054873,-7.89546213725556,-2.06636606391915,-8.23481003048832,27.49498466797,-7.72401920821027,-7.35262269296453,-7.67796208931577,11.2136011184336
"594.2/3405.92","594.2","3405.92",-7.14887779172506,-6.4752753575205,-6.94547852322168,4.33378855465506,5.9426135867074,-5.93769165478267,0.965239764361184,-6.45745276288967,4.72220754228226,-5.76787915495104,5.47536052649879,17.2934452705859
"594.315/3615.62","594.315","3615.62",-1.98520279877213,-10.2783933013092,-10.4325550138036,-10.0011613655661,4.43528220402766,-10.1021400766003,-8.27440821670712,-10.2725499512218,-10.2429671470522,-10.0464650244386,4.54073017347835,72.6598305179649
"595.2/3002.95","595.2","3002.95",-6.78640384406794,7.46138250689504,-6.63014926274209,-5.61934714784848,-6.39846467639414,-5.85595122185284,22.2733462789239,-6.25524004395285,4.20637192533765,-5.72549853507414,-6.12882662864667,15.4587806494226
"595.3075/3617.19","595.3075","3617.19",1.89041389799091,13.743515780027,-6.13717984582617,-5.04752980914259,8.27203524429336,-5.30259025482188,-6.34093368073029,-5.73302572110938,-5.6583030083844,-5.16196156712979,-5.59675138947111,21.0723103543043
"596.323/3814.37","596.323","3814.37",-6.55237619094912,86.0958466770042,-8.79277300837123,-8.41796605689496,-8.70686401368906,-5.39091375330416,-8.8628582202659,-8.65375610357425,-8.62805373013358,-4.97924491149031,-8.60688181817409,-8.50415887015757
"596.357/3817.5","596.357","3817.5",-8.84414553453362,-8.41491047869878,0.0752310066276984,1.66851158398619,-8.52235609102618,-8.07234970554324,-8.87131568056365,20.1944970859373,-8.34605720913594,-7.96414125179448,15.1688895265146,21.9281467482301
"597.3325/3809.68","597.3325","3809.68",0.339478034285789,-2.32338547236225,-3.25706831570795,8.37514647435262,3.14666978413743,-1.25590503683589,-3.74562544214999,-2.28799513038977,-2.10882641032104,6.32391812087479,-1.96123909213249,-1.24516751375125
"597.3665/3822.98","597.3665","3822.98",-6.66708101488622,51.4127569883065,-6.57147450454749,-5.95300135625334,-6.42971511028176,-6.09777080656667,-6.68712289761661,-6.34208115301747,-2.58127794945152,-6.01795153956411,-0.261397272042832,2.19611661592147
