"","ko15","ko16","ko18","ko19","ko21","ko22","wt15","wt16","wt18","wt19","wt21","wt22"
"Label","KO","KO","KO","KO","KO","KO","WT","WT","WT","WT","WT","WT"
"200.1/2925.48","147887.53","451600.71"," 65290.39"," 24561.89"," 24561.89","162012.44","175177.08"," 82619.48"," 24561.89"," 69198.22","153273.47"," 98144.28"
"205/2790.89","1778569","1567038","1482796","1039130","1223132","1072038","1950287","1466781","1572679","1275313","1356014","1231442"
"205.983/2787.77","237993.62","269713.98","201393.42","150107.31","176989.65"," 24561.89","276541.85"," 24561.89"," 24561.89"," 24561.89"," 24561.89","172348.76"
"206/2792.46"," 24561.89"," 24561.89"," 24561.89"," 24561.89"," 24561.89","156797.04"," 24561.89","222366.15","211717.71","186850.88","188285.94"," 24561.89"
"207.085/2719.69","380873.05","460629.74","351750.14"," 24561.89"," 24561.89","235022.63","417169.59"," 24561.89","277990.70"," 24561.89","252874.01","236728.16"
"219.092/2524.85","235544.92"," 24561.89"," 24561.89"," 24561.89","185792.43"," 24561.89","244584.47","161184.05"," 24561.89"," 24561.89","238194.38"," 24561.89"
"231.024/2515.46"," 24561.89"," 24561.89","222609.07","286232.15","435094.49"," 24561.89"," 24561.89"," 24561.89"," 24561.89"," 24561.89"," 24561.89"," 24561.89"
"233.0375/3020.94","399145.34","356951.31","410550.66"," 24561.89"," 24561.89","317805.79","397107.78"," 24561.89","334459.93"," 24561.89"," 24561.89"," 24561.89"
"236.102/2523.29","252282.04","206031.93"," 71763.79"," 24561.89","186660.98","198804.28","253791.07"," 24561.89"," 24561.89"," 24561.89","256263.26","206486.98"
"241.124/3676.66","  24561.89","1318746.57","1215368.74"," 632037.43","  24561.89"," 561964.93","1468102.64","1594705.06","  24561.89"," 805533.20"," 731777.65"," 522916.14"
"242.1405/3675.88","280767.61","248792.38"," 24561.89","109019.43"," 24561.89"," 24561.89","280260.24","299453.21"," 24561.89","139748.30","139968.46"," 95347.85"
"244.1/2832.37"," 612169.85"," 256316.47","  90539.86","  24561.89","  24561.89"," 115505.42"," 627834.97","  24561.89"," 168524.49","  24561.89"," 110170.73","1352929.86"
"249.1155/3668.05","  24561.89","1228148.16","  24561.89"," 641881.76"," 536808.26"," 574005.71","1297985.82","  24561.89","  24561.89","  24561.89","  24561.89"," 485427.60"
"249.1525/3667.27","1435000.72","  24561.89","  24561.89","  24561.89","  24561.89","  24561.89","  24561.89","  24561.89","1076654.09"," 747969.41"," 688496.33","  24561.89"
"250.124/3663.36","347794.78","238893.44","248245.61","126623.76"," 24561.89","118626.97","281745.03","336058.76"," 24561.89","149872.76"," 24561.89"," 24561.89"
"250.151/3670.4"," 24561.89"," 24561.89"," 24561.89"," 24561.89"," 24561.89"," 24561.89"," 24561.89"," 24561.89","215534.93"," 24561.89","139317.29"," 99814.49"
"255.159/3681.35","1420043.19","1187751.92","  24561.89","  24561.89"," 581177.90","  24561.89","  24561.89","  24561.89","1024087.20","  24561.89","  24561.89"," 640885.69"
"255.189/3678.22","  24561.89","  24561.89","  24561.89","  24561.89","  24561.89","  24561.89","1211727.05","1550070.66","  24561.89","  24561.89"," 759075.90","  24561.89"
"256.127/3450.52"," 24561.89"," 24561.89","245869.33"," 24561.89"," 24561.89"," 24561.89","249301.23","293543.93"," 24561.89"," 24561.89"," 24561.89","159465.52"
"257.131/3650.05","188817.16","224010.07","227798.27","131171.36"," 24561.89"," 24561.89","257809.43","220890.76"," 24561.89","145974.27"," 24561.89"," 24561.89"
"264.147/3154.75"," 24561.89","185347.33","165143.89"," 24561.89"," 24561.89","195963.04"," 24561.89","129476.97","150120.71","169945.46","130895.08","144776.88"
"266.1465/3669.62"," 24561.89","348338.54"," 24561.89"," 24561.89"," 24561.89"," 24561.89","223593.42"," 24561.89","312326.20"," 24561.89"," 24561.89","190006.07"
"266.188/3666.49","379553.60"," 24561.89","325662.76","245240.90","143129.52","196007.90"," 24561.89","534034.48"," 24561.89","292310.40","182876.53"," 24561.89"
"267.156/3666.49","1463921.08","1238442.43","1151405.92","  24561.89","  24561.89"," 564338.97","1364214.70","1615383.64","  24561.89","  24561.89","  24561.89","  24561.89"
"267.177/3672.75"," 24561.89"," 24561.89"," 24561.89"," 24561.89","536560.99"," 24561.89"," 24561.89"," 24561.89"," 24561.89","728041.89","651345.86","492315.92"
"268.1625/3665.7","306981.48"," 24561.89"," 24561.89"," 24561.89"," 24561.89"," 24561.89","291569.81","323812.57","208591.49"," 24561.89"," 24561.89"," 24561.89"
"268.2/3883.23"," 24561.89"," 24561.89","272955.02"," 24561.89"," 24561.89"," 86353.80"," 24561.89","466306.59","207039.05","191819.34","115472.77"," 24561.89"
"269.148/3878.54"," 666924.55","1237451.67","  24561.89","  24561.89"," 499613.30","  24561.89"," 464563.23","  24561.89","  24561.89","  24561.89","  24561.89"," 392467.62"
"269.1985/3882.45","  24561.89","  24561.89","  24561.89","  24561.89","  24561.89","  24561.89","  24561.89","2276576.58"," 784441.77"," 620319.01"," 556389.85","  24561.89"
"273.2/3678.22"," 24561.89"," 24561.89"," 24561.89"," 24561.89"," 24561.89"," 24561.89"," 55768.11","175747.52"," 98732.35"," 24561.89"," 24561.89"," 24561.89"
"279.011/2790.89","16540436.17","12335891.69","14683487.66"," 9660238.21","11775210.24","10293898.28","18747984.37","12952090.24","   24561.89","   24561.89","   24561.89","11984043.84"
"280.013/2787.77","2942032.96","2199151.68","2579250.43","1711820.03","2118031.59","  24561.89","  24561.89","  24561.89","  24561.89","1865185.36","  24561.89","2114477.76"
"280.04/2791.68","  24561.89","  24561.89","  24561.89","  24561.89","  24561.89","1824953.98","3302721.35","2292925.32","  24561.89","  24561.89","1991723.91","  24561.89"
"281.0275/2790.11","403697.76"," 24561.89","364608.31"," 24561.89","300199.86"," 24561.89"," 24561.89"," 24561.89"," 24561.89"," 24561.89"," 24561.89","295382.79"
"281.073/2793.24"," 24561.89"," 24561.89"," 24561.89"," 24561.89"," 24561.89"," 24561.89","476559.34","315518.09","286027.48"," 24561.89","283748.91"," 24561.89"
"281.2/3668.83","2772936.70","2553705.35","  24561.89","1521876.40","1061126.82","1272520.88","2219966.33","3271118.07","2267969.69","1798533.40","1370601.44","1189252.72"
"282.179/3664.14","695800.82"," 24561.89","601572.42"," 24561.89"," 24561.89","305437.26","540116.71"," 24561.89","534836.41"," 24561.89"," 24561.89"," 24561.89"
"282.184/3471.65"," 24561.89"," 24561.89"," 24561.89"," 24561.89"," 24561.89"," 24561.89"," 24561.89","863350.16"," 24561.89","419170.93","547837.99"," 24561.89"
"283.2/3878.54"," 414367.55"," 880917.95","1102490.17"," 485863.61","  24561.89"," 479697.69","  24561.89","2341040.00"," 806746.59"," 671217.81"," 573786.61","  24561.89"
"284.1/2718.91","733321.8","939243.9","650687.0","550520.8","432174.1","524801.3","878794.6","779270.2","573395.6","577530.2","400051.3","576682.2"
"284.2/3679.79"," 715122.06","4301240.32","  24561.89"," 177969.80","  24561.89","  24561.89"," 594958.90"," 712510.78","  24561.89","  24561.89","  24561.89","  24561.89"
"286.183/3261.16","1557473.40","1463433.93","  24561.89","  24561.89","  24561.89"," 894860.38","  24561.89","  24561.89","1305651.24","  24561.89","1153278.57","1195802.42"
"287.144/3254.12","381592.92","383820.56"," 24561.89"," 24561.89"," 24561.89"," 24561.89","471955.26","357491.39"," 24561.89","302366.61"," 24561.89"," 24561.89"
"288.113/2794.03"," 233984.23"," 295667.57"," 323173.55","  24561.89","  24561.89","  24561.89"," 988202.95","  24561.89","  24561.89","  24561.89","  24561.89","1734884.89"
"289.13/3111.71","306747.83"," 24561.89","240938.01","206526.45"," 24561.89","230682.63"," 24561.89"," 24561.89","225114.30"," 24561.89"," 24561.89"," 24561.89"
"294.112/2582.76","24561.89","71533.46","54070.16","57688.55","24561.89","64823.25","24561.89","76577.43","24561.89","24561.89","24561.89","24561.89"
"296.073/2726.73"," 24561.89"," 24561.89","172459.05"," 24561.89"," 24561.89"," 84544.56","180084.75"," 24561.89","149853.35"," 24561.89"," 86857.50"," 24561.89"
"296.102/2726.73","136683.81"," 24561.89"," 24561.89","134822.01"," 84668.49"," 24561.89"," 24561.89","102759.46"," 24561.89","126363.65"," 24561.89"," 96876.32"
"298.152/3179","180780.82"," 24561.89"," 24561.89","190626.85"," 24561.89","220288.62"," 24561.89"," 24561.89"," 24561.89"," 24561.89"," 24561.89"," 24561.89"
"300.189/3391.84","4534353.62","  24561.89","5290739.14","  24561.89","4733236.08","3931592.59"," 349660.89"," 491793.18"," 645526.70","  24561.89","1438254.45","1364627.84"
"301/2791.68","2739847","1732888","2330865","1185810","1908463","1339885","2844473","1716199","1636414","1250314","1576059","1336836"
"301.1885/3388.71"," 962353.43","1047934.14","1109303.04"," 946943.39"," 984787.20"," 806171.47","  24561.89","  24561.89","  24561.89","  24561.89","  24561.89","  24561.89"
"302.0015/2623.44","643996.2","790351.6","444524.0","385833.8","399591.8","454476.3","667080.7","653312.4","343121.4","327247.2","424152.2","504934.2"
"302.003/2792.46","494305.84","319649.89","450510.29"," 24561.89","350811.97","251603.27","525006.30","305139.01","301177.07"," 24561.89"," 24561.89","263387.93"
"304.1/2923.92","1948205.60","1198308.82","1243865.55","1045968.57","1419171.78","1626956.84","1675019.51","1672881.47","1125530.49","  24561.89","  24561.89","1501736.01"
"305.1/3502.95"," 557848.32"," 990038.13","1523254.27"," 748182.72"," 643288.35"," 635215.27","1196708.95","1030918.11","  24561.89","  24561.89","  24561.89"," 585316.92"
"305.1/2927.83"," 994373.8"," 888256.4","1063314.7","1096130.2","1246073.7","1214950.0","1681341.9","1149447.6"," 810315.7"," 859584.5","2251478.2","1721307.3"
"306.11/3501.38","125473.85","218249.83"," 24561.89","159274.08","153809.55"," 24561.89","266504.79","212509.62"," 24561.89"," 24561.89"," 24561.89"," 24561.89"
"306.1/2928.61","215368.06","409645.01","246498.78","247480.01","265343.09"," 24561.89","362282.19"," 24561.89","193570.52"," 24561.89","467150.93","374561.39"
"306.9965/2628.14"," 24561.89","420085.79"," 24561.89"," 24561.89","197855.36"," 24561.89","338093.36"," 24561.89","184048.87"," 24561.89","184966.14","181595.76"
"308.113/3261.95"," 312927.86","1931395.44","  24561.89","  24561.89","  24561.89","  24561.89"," 209238.89"," 355568.00","  24561.89"," 121584.98"," 247134.92"," 123431.55"
"308.14/3258.82"," 24561.89"," 24561.89","246074.48","237549.18","146735.96","114054.48"," 24561.89"," 24561.89"," 24561.89"," 24561.89"," 24561.89"," 24561.89"
"309.1/2923.92","820897.84"," 24561.89","490685.20","258387.33","570486.87"," 24561.89","655900.74","535264.54","450819.84","323317.10","621911.13"," 24561.89"
"309.2/3671.18","474829.72","357127.85","375113.82"," 24561.89"," 83873.04"," 24561.89","406958.04","499268.32","311566.80"," 24561.89","144582.60"," 24561.89"
"310.187/3628.15","192388.21","467218.23","197712.64"," 24561.89"," 24561.89"," 24561.89"," 24561.89"," 24561.89"," 24561.89"," 24561.89"," 24561.89"," 24561.89"
"310.2/3639.88","224688.46","232015.95","160971.41"," 24561.89","131799.35","128400.29","272303.46","392738.36"," 24561.89"," 24561.89"," 24561.89"," 24561.89"
"312.1/2997.47","293193.91","263174.51","296169.42"," 24561.89","243862.62","264121.31","241411.91","288181.93","230302.35","149743.81","192635.85","211505.77"
"312.205/3866.02","219733.40","458436.96","176647.37"," 24561.89"," 24561.89"," 24561.89"," 24561.89"," 24561.89"," 24561.89"," 24561.89"," 24561.89"," 24561.89"
"313/2787.76","1704155.43","6856948.35"," 897619.33","1642799.37"," 806366.75","  24561.89"," 915830.65","4877627.96","7685168.98","4134979.78","4114991.64"," 760122.82"
"313.179/3289.33","  24561.89","1075844.98","  24561.89","  24561.89","  24561.89"," 469316.76","1230795.81","1269568.82","  24561.89"," 564428.00"," 509199.45","  24561.89"
"314/2787.76"," 388253.14","1499485.01"," 171070.66"," 390983.01"," 178926.45","  24561.89"," 165809.82","1015506.87","1678104.70","  24561.89"," 823072.93","  24561.89"
"315/2520.94","  24561.89","  24561.89","3525288.08","5071743.22","3617315.62"," 723199.47","  24561.89","  24561.89","4208773.83","2914424.79","5453768.79","1544977.30"
"316/2520.94","  24561.89","  24561.89"," 719323.36","1097369.93"," 795085.55"," 179512.96","  24561.89","  24561.89"," 883721.25"," 636243.20","1163245.11"," 380126.45"
"317/2789.33","554864.61","154072.68","355561.34"," 24561.89"," 24561.89","109807.66","623123.97","204779.97","285929.72"," 24561.89"," 24561.89"," 24561.89"
"318.112/3247.86"," 24561.89"," 24561.89"," 99212.97","127139.67"," 24561.89"," 24561.89"," 24561.89"," 24561.89"," 90519.60"," 98147.55"," 24561.89","147843.71"
"321.153/3663.36","297015.32"," 24561.89"," 24561.89"," 24561.89"," 24561.89"," 24561.89"," 24561.89","422866.37","293428.12","200103.61"," 24561.89"," 24561.89"
"322.117/3387.14"," 24561.89","272654.01","378948.17","273593.95"," 24561.89"," 24561.89"," 24561.89"," 24561.89"," 24561.89"," 24561.89"," 24561.89"," 24561.89"
"322.118/3502.95","  24561.89","1058978.48","1722624.65","  24561.89","  24561.89"," 937782.19","  24561.89","  24561.89","  24561.89","  24561.89","  24561.89","  24561.89"
"322.151/3507.64","  24561.89","  24561.89","  24561.89","1324834.36"," 650881.48","  24561.89","  24561.89","1450700.37","  24561.89","  24561.89"," 536634.54"," 904041.93"
"323.15/3496.69","158127.92"," 24561.89"," 24561.89","307340.01"," 24561.89","230601.26"," 24561.89"," 24561.89"," 24561.89"," 24561.89"," 24561.89"," 24561.89"
"323.175/3507.64"," 24561.89"," 24561.89"," 24561.89"," 24561.89"," 24561.89"," 24561.89"," 24561.89","330337.86","354443.36"," 24561.89","136403.94"," 24561.89"
"324.088/2793.24"," 24561.89","284679.76","341633.14"," 24561.89","264128.20","283695.32"," 24561.89"," 24561.89"," 24561.89","224206.89"," 24561.89","303097.27"
"324.1/2791.68","339832.02"," 24561.89"," 24561.89"," 24561.89"," 24561.89"," 24561.89","455424.62","379752.33","303409.43"," 24561.89"," 24561.89"," 24561.89"
"324.1585/3274.47"," 24561.89"," 24561.89","186860.98","162564.38","148367.96","182694.97"," 24561.89"," 24561.89"," 24561.89"," 24561.89"," 24561.89"," 24561.89"
"326.2/3419.22","4809521.45","3931304.63","2913711.55","2819100.93","3284987.28","4346409.70"," 259229.27"," 314154.32","  24561.89"," 200939.74"," 247976.86","  24561.89"
"327.1/3504.51"," 24561.89","275564.81","465617.92","263114.60"," 24561.89","202417.74","356507.68","296447.43","416275.22"," 24561.89"," 24561.89","184970.52"
"327.2/3419.22","1108851.28"," 950126.53"," 674222.71","  24561.89","  24561.89","1013977.91","  24561.89","  24561.89","  24561.89","  24561.89","  24561.89","  24561.89"
"328.2/3632.84","6463382.9","5630552.4","4398403.5","3085430.4","3289888.0","2626186.4"," 402409.0"," 573880.8"," 403748.6"," 412858.2"," 385802.4"," 297208.5"
"329.105/3499.82"," 24561.89","367926.80","409585.09","291867.38","259407.68","211961.17","432441.76","481405.64","382402.71","227057.79","187019.35"," 24561.89"
"329.2/3626.58","1521141.36","1315446.89"," 990625.77"," 707798.72"," 759301.22"," 605854.74"," 114347.57","  24561.89","  24561.89","  24561.89","  24561.89","  24561.89"
"330.213/3631.27","201588.70","167042.48"," 24561.89"," 24561.89"," 92547.86"," 24561.89"," 24561.89"," 24561.89"," 24561.89"," 24561.89"," 24561.89"," 24561.89"
"331.118/3485.73","466357.16","279891.29"," 24561.89","372786.98"," 24561.89"," 24561.89"," 24561.89"," 24561.89"," 24561.89"," 24561.89"," 24561.89"," 24561.89"
"331.146/3484.17"," 24561.89","490815.30","284019.33"," 24561.89","320962.88","307401.05","839861.30","316978.81","511949.52"," 24561.89"," 24561.89"," 24561.89"
"331.1785/3496.69"," 24561.89"," 24561.89","438999.40"," 24561.89"," 24561.89"," 24561.89"," 24561.89","402078.23"," 24561.89","414769.75"," 24561.89","388149.20"
"332/2520.16","  24561.89","  24561.89","4658831.11","7614619.50","4486091.85","1136008.96","  24561.89","  24561.89","5672069.08","4752615.70","7203558.87","2631198.28"
"333/2523.29","  24561.89","  24561.89"," 927289.22","1587224.13"," 933164.79","  24561.89","  24561.89","  24561.89","1187460.47"," 947074.13","1580626.58"," 544591.99"
"334.021/2517.03"," 24561.89"," 24561.89","208246.33","345968.56","259924.86"," 49142.17"," 24561.89"," 24561.89"," 24561.89","203024.94"," 24561.89"," 24561.89"
"335/2786.2"," 382769.56","1344842.91"," 190478.18"," 255464.74"," 163243.31","  24561.89","  24561.89"," 843755.31","1435113.40"," 591752.31"," 763566.36","  24561.89"
"336/2786.2"," 73353.49","294165.22"," 24561.89"," 24561.89"," 24561.89"," 24561.89"," 24561.89","187153.93","317781.23","144038.60"," 24561.89"," 24561.89"
"337/2520.16","  24561.89","  24561.89","4073677.53","4153687.18","4365319.81","1023976.58","  24561.89","  24561.89","4694316.95","2645818.72","6391595.60","1862776.41"
"338/2515.46","  24561.89","  24561.89"," 795295.07"," 868056.23"," 870134.05"," 218742.59","  24561.89","  24561.89"," 937418.30"," 557510.15","1164693.07"," 381923.00"
"338.1/3022.51","396319.79","441040.47","411133.58","212310.15","341346.32","356067.78","364577.28","358070.43","360865.91","214432.22"," 24561.89","556986.68"
"338.2/3668.83","614212.5","605655.0","622113.9","335737.5","364966.7","356312.8","557322.1","641973.1","476072.6","342120.3","339368.2","328142.9"
"338.201/3838.63"," 24561.89","711015.49","244913.81","154551.07"," 24561.89"," 24561.89"," 24561.89","408664.10","254368.11"," 24561.89","420930.15"," 24561.89"
"339.187/3322.98","  24561.89","3533684.35","3243829.36","2482697.10","2321804.12","2311412.82","3467091.65","  24561.89","3301294.56","  24561.89","2415701.40","2138854.68"
"343/2686.04","20269361.92","21948623.14","17930719.64","15378115.29","15793756.46","17800198.05","22065406.83","17773756.46","   24561.89","13440374.57","15108077.33","18737045.90"
"344/2684.48","4426345","4808488","3954887","3374426","3500475","3862062","4933535","4528605","3276619","2910183","3298613","4092028"
"344.135/2897.31"," 24561.89"," 24561.89","669103.34","621011.55"," 24561.89","475386.24"," 24561.89","706044.22"," 24561.89"," 24561.89"," 24561.89","532428.83"
"345.0135/2686.04","703795.38","744691.64","602322.94","508404.36","553315.80","600422.53","763241.95","611646.44"," 24561.89"," 24561.89","524993.43","644033.32"
"346.108/3496.69","732502.02","890001.42","917425.21","952137.45"," 24561.89","562731.60"," 24561.89"," 24561.89"," 24561.89"," 24561.89"," 24561.89","466886.45"
"346.1525/3499.04"," 24561.89"," 24561.89"," 24561.89"," 24561.89","472769.83"," 24561.89","994786.16"," 24561.89"," 24561.89","751993.20","355132.54"," 24561.89"
"347.119/3496.69","202822.16"," 24561.89","240054.65"," 24561.89"," 24561.89","150277.45","271151.10","381682.12"," 24561.89"," 24561.89"," 24561.89","131434.96"
"347.155/3501.38"," 24561.89","236859.62"," 24561.89"," 24561.89","134452.88"," 24561.89"," 24561.89"," 24561.89","238818.79","207879.78","101642.09"," 24561.89"
"348.142/3490.43","221323.83","324908.66","204324.22","187851.59"," 24561.89"," 24561.89"," 24561.89"," 24561.89","150425.59"," 24561.89"," 24561.89"," 24561.89"
"348.164/3284.64","165830.90","183665.01"," 24561.89","134637.12"," 24561.89","167008.05"," 24561.89"," 24561.89"," 24561.89"," 24561.89"," 24561.89"," 24561.89"
"348.183/3499.82","456678.25"," 24561.89"," 24561.89"," 24561.89"," 24561.89","140879.93","284864.72","223959.33"," 24561.89","215002.22","121967.76","176025.28"
"349.112/3421.57","146310.30"," 24561.89"," 24561.89"," 24561.89","110555.89","114025.20"," 24561.89"," 24561.89"," 24561.89"," 24561.89"," 24561.89"," 24561.89"
"350.18/3657.88","282937.26"," 24561.89"," 24561.89"," 24561.89"," 24561.89"," 24561.89"," 24561.89","316760.70","175073.79","113665.26"," 24561.89"," 24561.89"
"351.123/3500.6","185786.69"," 24561.89"," 24561.89"," 24561.89","120076.85","105565.09"," 24561.89"," 24561.89","205668.51"," 24561.89"," 88486.82"," 66543.80"
"352.1/2792.46","265882.99","181651.11","227777.57"," 24561.89"," 24561.89"," 24561.89","269970.65","204617.52","251136.40"," 24561.89","146512.80"," 24561.89"
"353.132/3496.69","223895.04","261258.57"," 24561.89","124798.50","128120.89","106673.07"," 24561.89"," 24561.89"," 24561.89","127073.73","114163.62"," 24561.89"
"354.2/3616.41","1135610.95"," 904522.36"," 832780.32"," 532867.71"," 570306.90"," 729939.97"," 112167.16"," 154475.67","  24561.89","  24561.89","  24561.89","  24561.89"
"355.192/3614.06","334039.86","257216.86","222655.68","126090.44"," 24561.89"," 24561.89"," 24561.89"," 24561.89"," 24561.89","131022.09"," 24561.89"," 24561.89"
"356.2/3834.72","1189376.08","2242782.41","1535138.25"," 932580.31","1206594.76"," 823710.05"," 181130.14"," 521478.34"," 258986.27"," 237846.96","  24561.89"," 246931.90"
"357.203/3832.37","328565.95","567776.99","391437.16","254805.16"," 24561.89","218120.80"," 24561.89","148383.91"," 24561.89"," 24561.89"," 24561.89"," 24561.89"
"359.2/3722.82","462141.4","616424.6","407618.3","285184.5","437009.2","413134.3","370926.0","771634.2","272933.1","446149.1","382811.8","521506.3"
"360.0155/2690.74","   24561.89","10851568.51"," 8797145.08"," 8702183.13"," 7372829.20","   24561.89","   24561.89"," 9496878.38","   24561.89","   24561.89","   24561.89"," 9956697.09"
"361/2687.61","  24561.89","2560830.27","2364088.73","2322160.14","  24561.89","  24561.89","  24561.89","  24561.89","  24561.89","  24561.89","  24561.89","  24561.89"
"361.054/2690.74","2206508.13","  24561.89","  24561.89","  24561.89","  24561.89","2088472.47","2461531.84","2144658.74","1938517.95","  24561.89","1753050.84","2204020.81"
"361.116/3169.61","  24561.89","1498158.49","1046203.53","  24561.89"," 690755.29","  24561.89","  24561.89","  24561.89","  24561.89","  24561.89","  24561.89","  24561.89"
"361.138/3160.22","1170645.20","  24561.89","  24561.89"," 737098.29","  24561.89","  24561.89","1152980.04","1279489.62","  24561.89","  24561.89","  24561.89"," 648550.70"
"361.1755/3170.4"," 24561.89"," 24561.89"," 24561.89"," 24561.89"," 24561.89","687633.82"," 24561.89"," 24561.89","974223.55","778375.53","696882.69"," 24561.89"
"362.0585/2690.74","770409.32"," 24561.89"," 24561.89"," 24561.89","600784.37","605451.08"," 24561.89"," 24561.89","491933.70"," 24561.89"," 24561.89"," 24561.89"
"362.086/2686.82"," 24561.89","934352.60"," 24561.89"," 24561.89"," 24561.89"," 24561.89","704809.47"," 24561.89"," 24561.89","514541.88","568139.95"," 24561.89"
"362.125/3169.61","312079.20"," 24561.89"," 24561.89"," 24561.89"," 24561.89","244520.05","292404.16","364509.21","296741.99","251609.31"," 24561.89","217405.33"
"363.137/3258.82"," 24561.89","390905.07","306254.46","189293.22","178701.91"," 24561.89"," 24561.89"," 24561.89"," 24561.89","208853.85"," 24561.89"," 24561.89"
"363.19/3265.07"," 24561.89"," 24561.89"," 24561.89"," 24561.89"," 24561.89"," 24561.89","430759.59","485668.15"," 24561.89"," 24561.89","184987.70"," 24561.89"
"364.2/3725.95"," 24561.89","233404.08","217897.20"," 24561.89","187667.24","160307.88","371077.15","308697.82","155474.92","125466.05"," 24561.89"," 24561.89"
"365/2687.61","12540962","13086927","11725805"," 7176350"," 9905616"," 8655443","13169758","10032806"," 8963502"," 6327210"," 8737741"," 8426677"
"365.1785/3392.62"," 24561.89"," 24561.89","358265.57"," 24561.89"," 24561.89"," 24561.89","381820.10","455203.60","317859.04","218376.89","178224.85"," 24561.89"
"366/2687.61","2864112","2952706","2484968","1546877","2118036","1929729","2914143","2259649","2003961","1404628","1879525","1802966"
"366.1/2792.46","652282.58","553363.19","747021.66","818030.94","942350.70","771053.99","722235.73"," 24561.89"," 24561.89"," 24561.89","810665.23","884880.73"
"366.141/2794.02"," 24561.89"," 24561.89"," 24561.89"," 24561.89"," 24561.89"," 24561.89"," 24561.89","532891.18","702447.95","868236.68"," 24561.89"," 24561.89"
"366.202/3846.46"," 24561.89"," 24561.89","416711.84","278174.09","281201.17","231209.97"," 24561.89"," 24561.89"," 24561.89","318069.29"," 24561.89","249253.40"
"367.2/3529.55","2734571","2693665","2455930","1617637","1607496","1598232","2784615","3238646","2423942","1712150","1657051","1517655"
"368.2/3530.33","841651.1","730786.3","636622.7","457324.6","441341.2","438156.5","866902.6","887056.3","637453.7","466717.0","436644.2","401560.0"
"371.195/3637.53","501808.20","378297.50","196485.04"," 24561.89"," 24561.89"," 24561.89","529104.59","342909.70"," 24561.89"," 24561.89"," 24561.89"," 24561.89"
"372.2/3276.03","  24561.89","5201100.80","3894763.17","3037266.14","2934672.46","2365565.98","  24561.89","3457744.21","3646832.88","3227975.37","3285567.89","2606604.10"
"373.1905/3253.34"," 24561.89"," 24561.89"," 24561.89","739726.51","703978.48","575113.41"," 24561.89"," 24561.89"," 24561.89","789026.46","825939.57","663425.67"
"376.187/3452.09","185802.72","178779.59"," 24561.89"," 95461.79"," 24561.89"," 88793.55"," 24561.89"," 24561.89"," 24561.89"," 24561.89"," 24561.89"," 24561.89"
"376.2/3722.04","162499.44","219938.41"," 24561.89","131973.33","141468.11"," 24561.89"," 24561.89","322572.68"," 24561.89","165280.88","122884.36","193350.13"
"377.0385/3070.24"," 94719.83","125213.21"," 24561.89"," 24561.89"," 24561.89"," 66383.24"," 92796.51"," 24561.89"," 24561.89"," 24561.89"," 24561.89"," 24561.89"
"379.129/3333.93"," 606273.86","1073198.75","  24561.89","  24561.89","1075704.38","1466693.71"," 798946.39","  24561.89","1171788.15","  24561.89"," 740580.85","  24561.89"
"380.1/3155.53","  24561.89","1911798.73","1717570.35","1756725.23","1765811.49","2609852.53","1074832.19","1434540.75","1563407.46","1610769.03","1355144.26","2022633.25"
"381/2684.48","1822015.04","1040975.85","1053454.83","  24561.89","  24561.89","  24561.89","1853495.08"," 759658.19","1313396.05","  24561.89","  24561.89","  24561.89"
"381.105/3154.75"," 24561.89","412013.02","365480.26","390842.16","371351.68","398323.59"," 24561.89","314270.58","343710.96","333494.98","302289.93","445468.65"
"382.1035/3248.64","  24561.89","1242416.71","1084915.22"," 944606.18"," 846849.94","1212011.09"," 544489.26","1016638.70","  24561.89","  24561.89","  24561.89"," 881742.63"
"382.2/3787.77","710639.90","580437.41","433480.22"," 24561.89","317220.06"," 24561.89","102300.92"," 24561.89"," 24561.89"," 24561.89"," 24561.89"," 24561.89"
"384.2305/3984.17","1085362.52"," 637047.82","1532283.79","  24561.89","  24561.89","  24561.89"," 196445.91","  24561.89","  24561.89","  24561.89","  24561.89","  24561.89"
"385.138/3179","1137379.06","  24561.89","  24561.89"," 903258.90"," 877203.97"," 760969.05","  24561.89","1413865.62","  24561.89"," 896498.30"," 808884.32","  24561.89"
"386.115/3179"," 24561.89","269560.62","312436.48"," 24561.89"," 24561.89"," 24561.89","345949.41","397554.79"," 24561.89"," 24561.89"," 24561.89","242389.55"
"386.1555/3170.4","325325.43"," 24561.89"," 24561.89","275222.64"," 24561.89","221569.39"," 24561.89"," 24561.89"," 24561.89","243353.23"," 24561.89"," 24561.89"
"388.1/2681.35"," 24561.89","573448.72"," 24561.89"," 24561.89"," 24561.89","260421.33","702064.68","927688.11","606807.80"," 24561.89"," 24561.89","364109.16"
"389.1965/3355.84","  24561.89","1140158.59","1008373.97","  24561.89"," 659322.26"," 724902.05","1231191.86","1357790.25"," 959959.11"," 677888.86"," 648895.56"," 642441.71"
"390.1925/3355.84","348186.26","335515.30","282058.76","188020.92"," 24561.89","216997.53"," 24561.89","389364.85","279306.02","203101.08","194945.82","193556.44"
"391.114/3628.93","  24561.89","7039984.59","4933377.64","2162710.82","2159509.09","  24561.89","  24561.89","5176181.16","  24561.89","  24561.89","  24561.89","4596621.22"
"391.141/3623.45","6899364.31","  24561.89","  24561.89","  24561.89","  24561.89","3583241.21","9246372.59","  24561.89","5942055.08","  24561.89","2644093.46","  24561.89"
"392.114/3628.14","  24561.89","1878963.45","  24561.89","  24561.89","  24561.89","  24561.89","2482519.83","1410152.64","  24561.89","  24561.89","  24561.89","1209064.72"
"392.1365/3624.23","  24561.89","  24561.89","1330574.59"," 610131.75"," 566597.97"," 973222.06","  24561.89","  24561.89","1584953.66"," 554438.31","  24561.89","  24561.89"
"393.163/3625.8"," 24561.89"," 24561.89","273051.51"," 24561.89"," 24561.89","198823.77","431680.53","304225.77","328382.85"," 24561.89"," 24561.89","230953.76"
"395.2/3720.48"," 24561.89","421290.99","354284.25"," 24561.89","146232.06","158797.28"," 24561.89","702781.29"," 24561.89","186350.81"," 24561.89","156146.47"
"395.2125/3711.09","420647.60"," 24561.89"," 24561.89"," 24561.89"," 24561.89"," 24561.89","263984.71"," 24561.89","230011.66"," 24561.89","177711.30"," 24561.89"
"396.196/3329.24","212417.29","418476.32"," 24561.89","794110.40","372788.87","603055.05","289612.71","297155.84","428490.41","650558.01","264918.51","614589.58"
"397.1735/3329.24"," 24561.89"," 24561.89","133878.12","210330.85","114604.59","162646.82"," 24561.89"," 24561.89","118164.48"," 24561.89"," 24561.89","183453.99"
"398.2/3343.32","  24561.89","2909672.14","1885559.47","1376143.44","1441434.46","1130981.80","  24561.89","2069349.49","1716650.13","1641655.03","1422532.59","1186504.84"
"398.3/4060.07","302032.71","199444.35"," 24561.89"," 56563.10","100635.11"," 92674.45"," 24561.89"," 24561.89"," 24561.89"," 24561.89"," 24561.89"," 24561.89"
"399.1/2798.72","517279.87"," 24561.89","264044.70","347198.38"," 24561.89"," 24561.89","541969.99","103373.51","287810.50"," 24561.89"," 24561.89","131298.84"
"400.1/2788.55"," 24561.89","229736.57"," 24561.89"," 24561.89"," 24561.89"," 24561.89","158828.07","187919.74","293209.88","303195.03","247167.67"," 24561.89"
"400.2/3610.93","   24561.89","   24561.89","   24561.89","12036678.87"," 6745245.85"," 5488584.31","   24561.89","   24561.89","11628201.48","10756761.96"," 7160707.13"," 5289514.72"
"401.1/3329.24"," 24561.89","168282.89","240788.11","363286.88","205112.03"," 24561.89"," 24561.89"," 24561.89"," 24561.89"," 24561.89"," 24561.89","284150.62"
"401.2/3740.82","  24561.89"," 701952.45","  24561.89","  24561.89","  24561.89","  24561.89"," 323630.51","3033005.56","4059629.32","  24561.89","  24561.89","  24561.89"
"401.2/3610.93","  24561.89","  24561.89","  24561.89","  24561.89","1834093.61","1589913.28","  24561.89","  24561.89","  24561.89","2991281.27","1786746.13","1501862.29"
"403.086/2949.74"," 24561.89"," 24561.89"," 24561.89"," 24561.89"," 24561.89"," 86898.24","109363.01"," 85233.29"," 24561.89"," 24561.89"," 24561.89"," 89870.07"
"408.1025/2895.75","  24561.89","1036989.34","  24561.89","  24561.89","  24561.89","  24561.89","  24561.89"," 214166.18","  24561.89"," 179523.51"," 565354.70","  24561.89"
"408.1/3444.26","464968.00","573379.77"," 24561.89","233681.46"," 24561.89"," 24561.89"," 24561.89"," 24561.89"," 24561.89","146992.38"," 24561.89"," 24561.89"
"408.2/3441.91","108910.26"," 24561.89"," 24561.89"," 24561.89"," 24561.89","231425.98","268866.15"," 24561.89","751128.36"," 24561.89"," 24561.89","245023.81"
"410.266/3939.57","  24561.89","1319875.61","1375014.96","  24561.89"," 899985.58"," 799401.79","  24561.89","  24561.89"," 223544.91","  24561.89","  24561.89","  24561.89"
"411.23/3934.88","304741.63","426745.77"," 24561.89","304811.06"," 24561.89","275335.28"," 24561.89"," 24561.89"," 24561.89"," 24561.89"," 24561.89"," 24561.89"
"412.2895/4110.15","3412993.60","  24561.89","1679362.24"," 655969.60"," 781156.10"," 594736.34"," 486799.44","  24561.89","  24561.89","  24561.89","  24561.89","  24561.89"
"413.1/3625.8","778922.18","855168.64","665025.14","120558.37","156926.66","327900.84","389790.51"," 24561.89"," 24561.89","156450.92","282687.13","330997.88"
"413.295/4114.85","991447.08","626592.41"," 24561.89"," 24561.89","230747.93"," 24561.89"," 24561.89"," 24561.89"," 24561.89"," 24561.89"," 24561.89"," 24561.89"
"414.1955/3061.63","252452.21","352227.45"," 24561.89"," 24561.89"," 24561.89","276920.27","784648.34","192081.84","258999.62"," 24561.89","169402.11","640714.52"
"416.1/2687.61","439237.66","508248.31"," 24561.89"," 24561.89"," 24561.89","263207.05","470797.97","408736.97","322456.69","195945.30"," 24561.89","239773.26"
"421.0845/2797.15","156029.95"," 24561.89"," 24561.89"," 24561.89"," 24561.89"," 24561.89","140031.23"," 24561.89"," 92219.37"," 61164.29"," 24561.89"," 24561.89"
"423.152/3254.12"," 24561.89","255168.62","212710.78","180690.97","191746.74","152861.19"," 24561.89"," 24561.89"," 24561.89"," 24561.89"," 24561.89"," 24561.89"
"424.2/3443.48","  24561.89","  24561.89","1745629.80"," 961030.38","1348980.00"," 586789.62","  24561.89","  24561.89","1673201.43","1562709.03","1547095.94"," 834756.60"
"425.202/3439.57"," 24561.89"," 24561.89"," 24561.89","207762.76"," 24561.89"," 24561.89"," 24561.89"," 24561.89","513617.16"," 24561.89","433804.89","258236.61"
"426.1/3017.03","792979.2","843517.4","588996.1","282697.3","231451.0","120684.9","821819.4","919600.6","386864.4","295901.8","318466.8","237842.7"
"426.2/3639.88","   24561.89","   24561.89","   24561.89","10283077.71"," 6937764.44"," 6091112.21","   24561.89","11438600.30","11182703.10"," 8906813.73"," 7670588.81"," 4852718.31"
"427.2/3623.45","  24561.89","  24561.89","  24561.89","  24561.89","1855249.20","1754074.86","  24561.89","  24561.89","  24561.89","2456144.52","2210419.30","1393249.65"
"429.2/3886.36"," 580907.66"," 238723.33"," 574589.75"," 488037.32","1374609.08","1573595.46"," 775416.81","3609938.73","  24561.89","1220814.25","1236769.33","1448950.76"
"430.1/2688.39","1911680","2124744","2487771","3076213","2957369","3015874","2006604","1906551","2222893","2633887","2700540","3080688"
"430.2/3886.36","  24561.89","  24561.89"," 193756.39","  24561.89"," 443495.88"," 536046.68"," 246396.73","1173060.45","  24561.89"," 396414.50"," 422852.62"," 479482.66"
"430.2/4071.03","398260.32","278948.74","271827.72"," 24561.89"," 24561.89"," 24561.89"," 24561.89"," 24561.89"," 24561.89"," 24561.89"," 24561.89"," 24561.89"
"431.105/2687.61","559442.45"," 24561.89","718791.79","910517.60","844283.42","847285.75","589107.86","533617.45","603054.77","757021.33","838407.27","922359.40"
"433.193/3817.5","487331.83","518192.12"," 24561.89"," 24561.89","378265.47"," 24561.89","747277.23"," 24561.89","530128.94"," 24561.89","478209.63","555184.44"
"436.197/3625.01","375812.22"," 24561.89"," 24561.89"," 24561.89"," 24561.89","179091.59","383207.74","292975.83","292767.72"," 80397.46","136055.39","267001.81"
"438.17/3449.74","3472534.68","  24561.89","  24561.89","2003832.93","2084213.73","  24561.89","3299908.92","  24561.89","2944405.64","  24561.89","  24561.89","  24561.89"
"438.3/4050.68","1688005.87"," 886542.59"," 972109.14"," 509452.01","  24561.89"," 477464.55"," 167854.08","  24561.89","  24561.89","  24561.89","  24561.89","  24561.89"
"439.162/3451.3","865853.72","875625.29"," 24561.89","505118.47"," 24561.89"," 24561.89","812861.00","839774.95"," 24561.89","529271.43","474139.06"," 24561.89"
"439.3/4049.12","543352.35","290968.56"," 24561.89","172128.24"," 24561.89"," 24561.89"," 24561.89"," 24561.89"," 24561.89"," 24561.89"," 24561.89"," 24561.89"
"440.1775/3474"," 24561.89"," 24561.89","346995.08"," 24561.89"," 24561.89"," 24561.89","452757.01","464760.71"," 24561.89","277043.01","269703.64","254998.71"
"444.1/2687.61"," 24561.89","304396.92"," 24561.89","250968.95","214580.69","225079.87"," 24561.89","238866.84","116900.38"," 24561.89","176842.75","215947.04"
"444.184/2898.88","166816.82","130090.62"," 24561.89"," 24561.89"," 24561.89"," 24561.89","336163.21"," 24561.89"," 24561.89"," 24561.89","175244.67","116502.29"
"447.2/3870.71","1440194","4874467","3731989","2248042","1764225","1860855","1142400","4602424","4399068","2130744","2138575","2555249"
"448.2/3870.71"," 480186.86","  24561.89","1132937.72","  24561.89","  24561.89"," 591727.55"," 506906.86","1432046.09","1418936.50","  24561.89","  24561.89"," 809465.56"
"448.2/3440.35","  24561.89","2336776.52","1348832.76","1175355.33","1012971.60"," 604947.26","  24561.89","1578863.86","1632516.19","1098277.49","1078385.14"," 760159.84"
"449.2/3416.88"," 24561.89"," 24561.89"," 24561.89"," 24561.89","331146.36","168188.98"," 24561.89"," 24561.89"," 24561.89","343257.41","339099.05","240807.81"
"452.1/3077.28","2293581.69","1954888.44","1448580.32"," 824219.31"," 774503.24","  24561.89","2491178.84","2724873.81","  24561.89","  24561.89"," 867737.56"," 692466.39"
"454.1045/3293.24","12268923.92","10171632.07"," 8239735.84"," 4480131.33"," 4817625.80"," 3703141.22","12986144.64","   24561.89","   24561.89","   24561.89","   24561.89"," 4911108.96"
"455.1125/3285.42","2991215.80","2443696.62","1960040.24","1085377.07"," 949750.91","  24561.89","3152523.48","  24561.89","  24561.89","  24561.89","  24561.89","  24561.89"
"455.133/3299.5","  24561.89","  24561.89","  24561.89","  24561.89","  24561.89","  24561.89","  24561.89","2907910.08","  24561.89","  24561.89","1137137.71"," 968337.79"
"456.1435/3286.2"," 24561.89"," 24561.89","358023.96","206175.17"," 24561.89","173109.46"," 24561.89"," 24561.89"," 24561.89","243418.17"," 24561.89"," 24561.89"
"456.1715/3301.85"," 24561.89"," 24561.89"," 24561.89"," 24561.89","204643.47"," 24561.89"," 24561.89","527278.60"," 24561.89"," 24561.89","248845.95","226419.51"
"458.2/3044.42"," 347732.42"," 588548.10","  24561.89"," 237943.18","  24561.89"," 309530.79","1742958.74"," 292667.21"," 470208.72"," 311438.47"," 341058.37","1255857.24"
"459.2/3045.98"," 24561.89"," 24561.89"," 24561.89"," 24561.89"," 24561.89"," 24561.89","687933.67"," 24561.89","129063.19"," 24561.89"," 65977.76","413227.81"
"461.2/3906.71"," 24561.89","379994.20","391032.23"," 24561.89"," 24561.89"," 24561.89"," 24561.89"," 24561.89"," 24561.89","236766.58","149290.05","275292.84"
"462.2/3277.59"," 24561.89"," 24561.89"," 24561.89","743806.71","914624.25","949825.10"," 24561.89"," 24561.89","904380.34","828449.18","803904.30","819482.19"
"463.182/3045.98","224751.86"," 24561.89"," 24561.89"," 24561.89"," 24561.89","207171.53"," 24561.89"," 24561.89","253796.15"," 24561.89","213874.51","513779.92"
"464.2/3466.95","9624482.18","9579511.71","  24561.89","  24561.89","5782601.99","5812679.37","8298241.38","8508758.77","8752916.38","6446999.26","5184218.66","  24561.89"
"465.2/3466.17","2655186","2583915","2123612","1673537","1500153","1540066","2225149","2315741","2326308","1657923","1367032","1327833"
"466.1/3479.47","216196.92","165357.12"," 24561.89"," 51796.16"," 24561.89"," 24561.89"," 24561.89","173603.62"," 24561.89"," 24561.89"," 24561.89"," 24561.89"
"466.2/3694.65","3738130","3551395","3135584","2367438","2793018","2518763","1963052","3910388","3098664","2508631","2447539","2389185"
"467.2/3694.65"," 986922.6","1099746.4"," 860519.1"," 662154.2"," 740599.6"," 685996.9"," 533336.7","1042023.2"," 857864.6"," 682214.4"," 674414.0"," 701362.5"
"468.2/3132.05","254514.74"," 24561.89","341179.96"," 24561.89","301389.03","293268.01"," 24561.89","296463.63","352944.20"," 24561.89","258240.22"," 24561.89"
"473.177/2931.74"," 86935.96","498129.04"," 24561.89","112626.49"," 24561.89"," 24561.89"," 24561.89"," 24561.89"," 24561.89"," 24561.89"," 24561.89"," 24561.89"
"474.104/3078.06","262871.67","227134.37"," 24561.89"," 24561.89"," 24561.89"," 81765.63","267902.63","276743.43","151437.08"," 24561.89"," 24561.89"," 24561.89"
"476.1/3288.55"," 24561.89","501276.12"," 24561.89"," 24561.89","250077.61","236637.26","813616.90","472520.21"," 24561.89"," 24561.89"," 24561.89"," 24561.89"
"478.1/3157.09","211280.65","347087.27","202012.55"," 24561.89","204349.26"," 24561.89","330970.97"," 24561.89"," 24561.89"," 24561.89"," 24561.89"," 24561.89"
"478.2/3625.01","1369781.96","1224492.00","1694280.05","1268675.60","1376508.98","1760947.02","1870118.09","  24561.89","  24561.89","  24561.89","  24561.89","  24561.89"
"478.22/3628.14","  24561.89","  24561.89","  24561.89","  24561.89","  24561.89","  24561.89","  24561.89"," 972088.80","1865883.62","1180443.35","  24561.89","1450420.70"
"479.218/3623.45","454970.09"," 24561.89","570663.02","403231.89"," 24561.89","554518.12","620010.66"," 24561.89"," 24561.89"," 24561.89"," 24561.89"," 24561.89"
"479.273/3632.06"," 24561.89"," 24561.89"," 24561.89"," 24561.89"," 24561.89"," 24561.89"," 24561.89","345749.19","627057.64","393566.15","489646.11"," 24561.89"
"480.1595/3317.5","42230618.20","   24561.89","   24561.89","24831778.59","24423707.25","   24561.89","43470430.44","45089228.95","   24561.89","   24561.89","   24561.89","20970591.22"
"480.195/3322.98","   24561.89","40615554.48","   24561.89","   24561.89","   24561.89","22059398.96","   24561.89","   24561.89","35235910.02","24908899.65","25487175.24","   24561.89"
"481.179/3324.54","10921240.19","   24561.89","   24561.89","   24561.89"," 6360075.43"," 5756178.25","   24561.89","11492653.37","   24561.89","   24561.89"," 6630787.53","   24561.89"
"482.2/3606.24","2000566","7566668","7111091","4489166","4661342","3662908","6653869","7207720","6482972","5271048","4629567","4094547"
"483.2/3606.24","1910356.2","2037483.2","1856083.6","1183593.9","1225570.5"," 993675.7","1875261.2","1926872.2","1750445.5","1396114.7","1237339.0","1124263.3"
"484.168/3623.45"," 24561.89"," 24561.89","361278.65"," 24561.89","241059.34","186950.49"," 24561.89"," 24561.89"," 24561.89"," 24561.89"," 24561.89"," 24561.89"
"484.1985/3605.45","369011.08","386938.14"," 24561.89","236337.87"," 24561.89"," 24561.89","285351.85","362164.41","324952.97","261192.48","234622.00"," 24561.89"
"486.156/3466.95","300614.06"," 24561.89"," 24561.89","271452.66"," 24561.89","190974.99"," 24561.89","252367.70"," 24561.89"," 24561.89","176497.75"," 24561.89"
"486.194/2799.5"," 24561.89"," 24561.89","214907.56","309458.41"," 24561.89"," 85280.08"," 24561.89"," 75710.45"," 24561.89","321050.52","152254.22"," 24561.89"
"491.2/3392.62","432037.00","332159.07","386966.75","334951.45","294816.24","373577.61"," 24561.89"," 24561.89"," 24561.89"," 24561.89"," 24561.89"," 24561.89"
"492.2/3664.14","606211.92","598203.05","530440.61","334754.27","407576.76","418373.73"," 24561.89","554774.05","485690.80","388397.12","374965.72","417547.09"
"493.2/3672.75","668974.06"," 24561.89","485466.24","228960.01","270604.11","118918.32"," 24561.89","175815.58"," 24561.89"," 24561.89"," 24561.89"," 24561.89"
"494.196/3430.96","1529021.07","1125753.18"," 717880.64","  24561.89"," 413482.33"," 499798.08","1526066.44","1664767.01"," 677867.96","  24561.89"," 516888.84","  24561.89"
"494.2/3135.18","484938.07"," 24561.89","511740.22","375367.34","400462.88","439382.29","512972.53"," 24561.89","385146.11","377995.12"," 24561.89","506474.70"
"495.213/3426.27","438350.32","251722.42"," 24561.89"," 24561.89"," 24561.89","133064.35","433586.61"," 24561.89"," 24561.89"," 24561.89"," 24561.89","100981.17"
"496.2/3380.1","39936950","42070333","41242994","36504411","33423457","24217795","43226702","39204400","39963992","35540616","32440366","31877119"
"497.2/3380.1","10939308","11328467","11083559"," 9940917"," 9116097"," 6543261","11622741","10770418","10901524"," 9612165"," 8794646"," 8567094"
"498.178/3359.76"," 24561.89"," 24561.89","851085.54","721769.03","610146.04"," 24561.89"," 24561.89"," 24561.89"," 24561.89"," 24561.89"," 24561.89","528592.40"
"498.2/3395.75","2137484","2123314","1492764","1334981","1338427","1430025","2332354","2070890","2170906","2050346","1879722","1241536"
"499.1/3348.02"," 24561.89"," 24561.89","134033.66"," 24561.89"," 96453.36"," 65744.74"," 24561.89"," 24561.89"," 24561.89"," 24561.89"," 24561.89"," 24561.89"
"499.189/3407.49","230905.24","216300.19"," 24561.89"," 24561.89","149785.81"," 24561.89","251453.42","225829.20"," 24561.89","204131.60","178856.84"," 24561.89"
"499.215/3420.01"," 24561.89"," 24561.89","190009.78","236429.69"," 24561.89","166025.80"," 24561.89"," 24561.89","192221.80"," 24561.89"," 24561.89"," 24561.89"
"500.214/2800.28"," 24561.89"," 24561.89"," 24561.89","143302.36"," 24561.89"," 24561.89","214982.68"," 24561.89","126973.33","134956.11"," 78508.71"," 24561.89"
"502.103/3169.61","16972821.72","15739987.31","12729848.49"," 8332544.14"," 8505189.92","   24561.89","16450453.93","17052646.14","   24561.89","   24561.89"," 8794519.08"," 7132401.93"
"503.103/3169.61","4810844.09","4456402.12","3582621.26","2355995.25","2417541.78","2180178.98","4778155.42","4937143.64","  24561.89","  24561.89","  24561.89","2035940.45"
"503.161/3171.18","  24561.89","  24561.89","  24561.89","  24561.89","  24561.89","  24561.89","  24561.89","  24561.89","3627364.32","2493545.04","2494471.50","  24561.89"
"504.109/3254.12","  24561.89","  24561.89","3711291.46","2088344.40"," 488096.80","1663514.01","5937698.27","  24561.89","  24561.89","  24561.89","  24561.89","  24561.89"
"504.167/3268.99","  24561.89","  24561.89","  24561.89","  24561.89","1771182.39","  24561.89","  24561.89","6314197.66","3232523.16","  24561.89","1958691.40","  24561.89"
"505.161/3268.99","  24561.89","1430487.09","  24561.89","  24561.89"," 515065.73"," 474590.63","  24561.89","  24561.89","  24561.89","  24561.89"," 552504.47","  24561.89"
"505.191/3260.38","1490180.44","  24561.89","  24561.89","  24561.89","  24561.89","  24561.89","  24561.89","1773914.64"," 916982.45"," 636337.33","  24561.89","  24561.89"
"506.1965/3394.97","4958426.50","  24561.89","  24561.89","2358940.34","2029890.84","1957167.72","5639064.19","5791283.31","3723910.61","2558315.80","2439061.42","1903921.42"
"507.2/3393.4","1492306.71","1282636.75","  24561.89"," 721120.28"," 640276.43"," 599263.95","1603957.09","1717794.27","1075706.01"," 748842.65"," 699999.47"," 446090.86"
"508.1/3374.62"," 24561.89"," 24561.89"," 24561.89"," 24561.89","666645.23"," 24561.89","321721.88","137559.57"," 24561.89"," 24561.89","288185.36","339151.27"
"508.2/3529.55","40421850","37407863","31180104","20421456","20618866","18146963","43677358","45173156","31509861","21518578","21911294","17120653"
"508.3/3850.37","  24561.89","2015836.24","  24561.89","  24561.89","  24561.89","  24561.89","  24561.89"," 195328.72","  24561.89","  24561.89"," 206123.10"," 154591.76"
"509.2/3529.55","11501354","10457527"," 8806212"," 5722395"," 5919454"," 5185408","12222713","12705949"," 8890656"," 6101089"," 6293692"," 4981964"
"510.2/3775.25"," 1800051"," 8684161"," 6453425"," 1874392"," 2452518"," 2067843"," 2384323","13562012"," 4418648"," 2924412"," 2717763"," 2239913"
"510.2/3528.77","3214977.52","  24561.89","  24561.89","1053566.63","1168207.27","1113472.82","3173146.62","  24561.89","  24561.89","1178809.77","1244176.42","1030136.02"
"511.2/3776.82"," 540843.3","2459948.8","1873350.7"," 526870.1"," 727804.0"," 589466.7"," 703755.4","3944795.2","1254268.8"," 837436.4"," 755977.9"," 675114.4"
"512.278/2922.35","  24561.89","2744626.00","  24561.89"," 592109.12","  24561.89"," 174057.13"," 269403.42","  24561.89","  24561.89","  24561.89","  24561.89","  24561.89"
"518.2/3416.09","  24561.89","1211914.85","1259788.41","1089064.39","  24561.89"," 712054.89"," 861712.01"," 896020.55","1159243.21","1015156.28"," 715896.86","  24561.89"
"519.1525/3409.83","277928.10","333393.22","354629.16","304954.87","219875.81"," 24561.89","266616.61"," 24561.89"," 24561.89"," 24561.89"," 24561.89"," 24561.89"
"519.188/3421.57"," 24561.89"," 24561.89"," 24561.89"," 24561.89"," 24561.89"," 24561.89"," 24561.89"," 24561.89","325307.04","297117.16","207378.10"," 24561.89"
"520.194/3249.43","747573.96"," 24561.89"," 24561.89","527972.55"," 24561.89"," 24561.89","625703.52","764567.28","747417.30"," 24561.89"," 24561.89","782454.66"
"520.2/3234.56","1023937.2","1542786.7","1541852.0"," 648774.0","1265190.9","1352802.6"," 805882.2"," 768495.3"," 748703.4","1495881.5"," 974677.2"," 602614.3"
"521.2/3235.34","550941.82","261307.09","230073.87"," 24561.89","204511.07","201942.37"," 24561.89","234954.50","471972.05","476728.81","172363.59","223637.24"
"522.2/3404.36","37549676","34931819","32349645","27923233","26440149","27297176","34908727","34843621","31447353","26422762","25738354","24710223"
"522.3/3538.94"," 24561.89"," 24561.89"," 24561.89"," 24561.89"," 24561.89"," 24561.89"," 79636.54"," 24561.89"," 24561.89"," 24561.89","378980.40","129495.45"
"523.2/3404.36","10737841","10442652"," 9401756"," 8138346"," 7732434"," 8048074","10189817","10202789"," 9166782"," 8033289"," 7467512"," 7264747"
"524.2/3704.83","30259398","27967462","25558248","18530208","21509132","13700837","21262920","25771083"," 2742566","20685194","20468695","18468259"
"525.2/3719.69","8969329","7119784","7592427","5497724","6413463","4142023","6306345","7645210","6654378","6222587","6040802","5435343"
"526.1/3179","18285754.95","18101290.88","15464033.13","11084285.09","10534823.29"," 8653660.84","20886730.85","22176009.82","   24561.89","   24561.89","   24561.89"," 8877836.90"
"526.156/3179","   24561.89","   24561.89","   24561.89","   24561.89","   24561.89","   24561.89","   24561.89","   24561.89","15196914.54","10999952.82","10564970.58","   24561.89"
"526.2/3690.74","1989462.67","1499603.94","1692971.93","1144360.13","  24561.89","  24561.89","1413279.15","  24561.89","  24561.89","  24561.89","  24561.89","  24561.89"
"527.1/3176.66","5493533.72","5331955.52","4631745.74","3393948.22","3218986.30","  24561.89","6069048.09","6651031.78","  24561.89","  24561.89","  24561.89","2696804.79"
"528.107/3280.72","1025123.47","  24561.89"," 633165.89","  24561.89"," 317597.97","  24561.89","3392860.65","  24561.89","  24561.89","  24561.89","  24561.89","  24561.89"
"528.1205/3183.7","2292681.17","3721666.26"," 908799.33"," 645535.61"," 617227.23","  24561.89","1121942.07","1220560.84","  24561.89","  24561.89","  24561.89"," 578212.90"
"528.145/3236.91"," 899080.80","  24561.89","1475902.28"," 819135.08"," 678049.89"," 504601.63","  24561.89","2619153.62","  24561.89","  24561.89","  24561.89"," 537900.74"
"528.176/3244.73","  24561.89","  24561.89","  24561.89","  24561.89","  24561.89"," 660516.07","  24561.89"," 930192.18","1465710.55"," 905672.47","  24561.89","  24561.89"
"529.104/3249.43","279344.47","604379.54","454402.58"," 24561.89"," 24561.89"," 69897.75"," 24561.89"," 24561.89"," 24561.89"," 24561.89","234562.77"," 24561.89"
"529.146/3250.99"," 24561.89"," 24561.89","195320.89","257960.52","211251.85"," 24561.89","758088.82","288468.62"," 24561.89"," 24561.89"," 24561.89"," 24561.89"
"530.2/3355.84","20771851","17944520","15174657"," 9541865"," 9300900"," 9471328","21616404","22168871","14164275"," 9985523"," 9767006"," 8308318"
"531.2/3355.84","6444674","5629492","4627131","2924721","2830861","2927312","6551976","6749949","4340520","3008565","2934544","2580991"
"532.1645/3352.71","1473749.00","  24561.89","  24561.89"," 631348.74"," 580965.78","  24561.89","  24561.89","  24561.89","  24561.89","  24561.89","  24561.89"," 538391.31"
"532.2/3490.43","3416165.9","2821638.1","2683680.0","1201967.4"," 862777.4"," 669078.2","5061891.1","4887450.4","2196042.7","1109154.8"," 972781.7"," 613506.0"
"532.2/3355.84","  24561.89","1218999.43"," 960732.19","  24561.89","  24561.89"," 595262.50","1425010.05","  24561.89"," 915863.51"," 624894.88"," 618906.43","  24561.89"
"533.2/3490.43","1058079.95"," 892119.55"," 835934.29"," 415531.06"," 278404.52","  24561.89","1563205.30","1526934.67"," 661848.78","  24561.89"," 316320.33","  24561.89"
"534.2/3591.37","2558524.6","2094532.3","1856769.4"," 786136.6"," 670008.3"," 634951.9","2168827.1","2761014.2","1391468.0"," 853520.6"," 766481.2"," 556165.1"
"534.3/3866.8"," 227348.11","1598952.50","  24561.89","  24561.89","1145940.85","1197762.01"," 122926.13","1097981.37","1153315.10"," 953893.22","1171077.89","1371976.82"
"535.2/3591.37","866274.4","663227.4","594251.2","272570.9","210969.3","216769.4","704656.3","882645.9","435525.6","280536.1","251104.1","108871.1"
"536.2/3719.69"," 7608849"," 6678458"," 5219486"," 1914597"," 2338715"," 2237707"," 4689884","11134564"," 3746025"," 2421431"," 2594299"," 1948250"
"536.2/3578.07","  24561.89","  24561.89","  24561.89"," 713206.12"," 876371.42"," 681516.66","  24561.89","  24561.89","  24561.89"," 920010.47","1003120.21","  24561.89"
"537.2/3719.69","2370711.46","2162158.95","1564902.30"," 591917.30"," 712216.09"," 686987.49","1448402.61","3435601.05"," 254877.46","  24561.89","  24561.89"," 638223.57"
"537.2/3578.07"," 24561.89"," 24561.89"," 24561.89"," 24561.89","261179.60"," 24561.89"," 24561.89"," 24561.89","211227.21","284329.94","304740.05"," 24561.89"
"538.2/3712.65","517751.98","312606.59","247527.26"," 24561.89"," 24561.89"," 24561.89","319601.91","702854.84"," 24561.89"," 24561.89"," 24561.89"," 24561.89"
"544.1/3391.84","104050.17"," 24561.89","143469.96"," 24561.89"," 60093.44"," 24561.89","253294.56"," 24561.89"," 85090.12"," 49123.79"," 24561.89"," 24561.89"
"544.2/3204.82","3224455","2828155","2788005","2437817","2267362","2387388","3111679","3239416","2669600","2259497","1798416","2071922"
"545.2/3204.04","1037062.45"," 938167.42"," 921066.99"," 777892.83"," 704007.22","  24561.89","1004782.28","1073899.99"," 852403.36"," 725975.33"," 614618.46"," 660894.81"
"546.2/3200.91"," 24561.89"," 24561.89","613978.93","448313.03"," 24561.89"," 24561.89"," 24561.89","837420.39","575493.15","442341.61"," 24561.89"," 24561.89"
"546.2/3694.66"," 581063.87"," 738016.33"," 673244.23"," 594184.60","  24561.89","  24561.89","  24561.89","1056710.37","  24561.89"," 583751.53","  24561.89","  24561.89"
"547.239/3017.03","  24561.89"," 410589.82","  24561.89","  24561.89","  24561.89"," 175559.73","1317802.58","  24561.89"," 328355.48","  24561.89"," 224353.45","1041625.92"
"548.1/3185.26","758915.78","769992.38","738224.26","641591.35","600716.75","515862.46"," 24561.89"," 24561.89","668067.42"," 24561.89","451062.41","502825.27"
"549.1/3182.13"," 24561.89"," 24561.89","220591.15"," 24561.89","162508.21","102376.89"," 24561.89"," 24561.89"," 24561.89"," 24561.89"," 24561.89"," 24561.89"
"550.2/3665.7","11943436.99","12395719.22","10267865.66"," 6087265.59"," 4081919.91"," 3927026.78"," 8462248.03"," 7089625.28","   24561.89","   24561.89"," 3900790.10"," 3707202.04"
"550.2315/3642.23","  24561.89","  24561.89","  24561.89","  24561.89","3069773.03","2995936.46","  24561.89","5883811.56","  24561.89","7208658.93","3277277.73","  24561.89"
"551.2015/3643.01","3992311.75","4149319.96","3354548.73","1965469.08","2335411.56","2228739.41","2705882.28","4249788.80","  24561.89","1299548.98","  24561.89","1210687.92"
"551.258/3617.19","  24561.89","  24561.89","  24561.89","  24561.89","  24561.89","  24561.89","  24561.89","  24561.89","1384442.41","1101438.52","1082383.67","  24561.89"
"552.303/3837.85"," 496456.08","3343973.29","  24561.89","  24561.89","  24561.89","  24561.89","  24561.89"," 442038.51","  24561.89","  24561.89"," 331846.08"," 387465.32"
"556.2875/2912.96"," 297420.42","2346051.41"," 227810.12"," 563493.97","  24561.89"," 174975.49"," 237945.08"," 523208.97","  24561.89","  24561.89"," 239761.66","  24561.89"
"558.176/3393.4"," 24561.89"," 24561.89","314872.10","219182.54","252868.14","165063.10"," 24561.89","235864.57"," 24561.89"," 24561.89"," 24561.89"," 24561.89"
"558.1775/3535.81"," 24561.89","376766.98","319508.50"," 24561.89"," 24561.89","196542.07"," 24561.89"," 24561.89"," 24561.89"," 24561.89","194246.23"," 24561.89"
"558.2/3534.25","478131.78"," 24561.89"," 24561.89"," 24561.89","207943.33"," 24561.89","462254.26","433107.43","338304.05"," 24561.89"," 24561.89"," 24561.89"
"559.1965/3531.9","153144.67"," 24561.89"," 83968.48"," 60610.41"," 24561.89"," 24561.89"," 24561.89","153221.36"," 24561.89"," 24561.89"," 24561.89"," 24561.89"
"559.224/3531.12"," 24561.89"," 24561.89"," 24561.89"," 24561.89"," 24561.89"," 58184.63","140376.02"," 24561.89","121371.91"," 62086.04"," 24561.89"," 24561.89"
"562.9885/3722.04"," 24561.89","532369.06"," 24561.89"," 24561.89"," 24561.89"," 24561.89","100043.56"," 24561.89"," 80414.40"," 24561.89"," 24561.89"," 49261.50"
"564.2/3460.7","495463.92"," 24561.89","403730.50","310207.52","373670.93","319110.65","483380.93","561867.13","531539.64","483456.87","364380.95","389258.97"
"564.4/4144.58"," 24561.89"," 24561.89"," 24561.89"," 24561.89"," 50245.57"," 75596.05"," 24561.89","148000.83","201694.31"," 24561.89"," 24561.89"," 98766.57"
"565.2275/3456"," 24561.89"," 24561.89"," 24561.89","122022.28"," 24561.89"," 24561.89","164572.99","200163.36","214969.36"," 24561.89"," 24561.89"," 24561.89"
"566.2/3582.76","721879.10"," 24561.89","330110.36","398129.63","864560.70","731744.78"," 24561.89","695894.60","344389.68"," 24561.89","627906.71","632278.43"
"567.192/3576.5","268941.35"," 24561.89"," 24561.89"," 24561.89","274791.93","219015.67"," 24561.89","224521.81"," 24561.89","190798.99"," 24561.89"," 24561.89"
"568.2/3211.87","3513594.79","3382320.17","3575867.18","  24561.89","2520927.04","2351740.31","4441771.34","5160645.56","3776656.19","2387020.48","1723110.11","2083724.67"
"568.3/3620.32"," 327279.96","1822905.47"," 181116.05","  24561.89"," 166357.04"," 104334.63","  24561.89"," 245649.79","  24561.89","  99104.80"," 296017.62"," 550424.85"
"569.2/3210.3","1176918.7","1169376.0","1238845.2","1084158.0"," 885024.4"," 769184.2","1498906.6","1718575.1","1305691.9"," 844783.5"," 590152.0"," 704089.8"
"569.3/3613.28","135591.48","613761.40"," 81690.25"," 24561.89"," 24561.89"," 24561.89"," 24561.89"," 78086.03"," 24561.89"," 24561.89"," 24561.89"," 24561.89"
"570.1/3107.8","1108794.95","1107333.58"," 772818.68"," 725809.90","  24561.89","  24561.89","1485427.07","2055392.81","  24561.89","  24561.89","  24561.89","  24561.89"
"570.2/3204.04","205973.94","232350.86"," 24561.89"," 24561.89"," 24561.89","154042.18","349524.73","363812.70"," 24561.89","301688.65","253018.24"," 24561.89"
"571.105/3107.8","371991.74","358175.76","259076.00"," 24561.89"," 24561.89"," 24561.89","485556.22","662069.31","326378.64"," 24561.89"," 24561.89"," 24561.89"
"571.423/3717.35","  24561.89","2219742.24","  24561.89","  24561.89","  24561.89","  24561.89","  83754.09","  24561.89"," 304004.38"," 173383.33"," 242164.97","  24561.89"
"572.2/3401.23","323601.38","322391.08","369754.12","274460.31","278056.72","328882.47","308131.28","415906.67"," 24561.89","314015.49","283351.97","287626.66"
"572.2/3663.36"," 212129.49","1007070.95"," 187286.96","  24561.89","  24561.89","  24561.89","  24561.89","1304439.10","  24561.89","  24561.89","  24561.89","  24561.89"
"573.214/3415.31","109852.84"," 24561.89"," 24561.89"," 24561.89","106757.58","114065.88"," 24561.89","143399.26","121220.60"," 24561.89"," 24561.89","105759.14"
"576.259/2861.32"," 24561.89"," 24561.89"," 24561.89"," 24561.89"," 24561.89"," 24561.89"," 24561.89"," 24561.89","110578.97"," 97970.40"," 24561.89","298524.11"
"578.291/3836.28","729795.65","966805.68","589139.52"," 24561.89"," 24561.89"," 24561.89"," 24561.89"," 24561.89","534009.17","400878.16"," 24561.89"," 24561.89"
"579.1/2787.77","1602404.52"," 852780.48","1279959.50"," 401807.17","  24561.89","  24561.89","1757125.88","  24561.89","  24561.89","  24561.89"," 659396.38","  24561.89"
"579.4485/3513.9"," 24561.89"," 24561.89"," 24561.89"," 24561.89"," 72984.45"," 24561.89"," 24561.89","349901.25"," 24561.89"," 96021.43"," 24561.89","247472.49"
"580.109/2792.46","549471.19"," 24561.89","469956.83"," 24561.89","351453.61","260395.80","637791.54","322001.88","250390.43"," 24561.89","171472.53","261686.78"
"580.2/3390.27","375029.31"," 24561.89","212356.60"," 24561.89","630636.79"," 24561.89","571668.41","407624.71","302588.66","457511.91","541321.23","537119.31"
"580.197/3587.46","421946.51"," 24561.89"," 24561.89"," 24561.89","539466.44","426974.37","469043.68","421423.82"," 24561.89"," 24561.89","402913.20","400313.81"
"590.174/3210.3"," 24561.89","279821.98","204573.05","199358.98"," 24561.89","180332.32"," 24561.89","262258.58"," 24561.89"," 24561.89"," 24561.89"," 24561.89"
"590.265/3005.29"," 24561.89"," 24561.89","388183.84"," 24561.89","285201.62","558531.51"," 24561.89","269910.47"," 24561.89"," 24561.89"," 24561.89"," 24561.89"
"590.291/3003.73"," 463223.64","1450836.05","  24561.89","  24561.89","  24561.89","  24561.89","4560396.43","  24561.89","1110252.34"," 558365.62"," 767925.73","3588515.89"
"591.264/3003.73","175453.07","523337.29","138598.44"," 24561.89"," 24561.89","191229.36"," 24561.89"," 98015.95"," 24561.89"," 24561.89"," 24561.89"," 24561.89"
"591.299/3001.38","  24561.89","  24561.89","  24561.89","  72627.76","  24561.89","  24561.89","1576633.19","  24561.89"," 404658.12"," 199088.55"," 264940.88","1287256.49"
"593.452/3714.22"," 24561.89"," 24561.89","213074.57","425769.74"," 24561.89","114716.45"," 24561.89","780080.99"," 24561.89"," 24561.89"," 24561.89","336012.98"
"594.2/3405.92"," 24561.89"," 24561.89"," 24561.89","115931.08","210326.15"," 24561.89","203990.89"," 24561.89","164900.07"," 24561.89","167997.87","264677.63"
"594.315/3615.62"," 574791.94","  24561.89","  24561.89","  24561.89"," 689400.00","  24561.89"," 174773.00","  24561.89","  24561.89","  24561.89"," 573244.92","2634209.14"
"595.2/3002.95"," 24561.89","264081.39"," 24561.89"," 24561.89"," 24561.89"," 24561.89","857615.44"," 24561.89","195758.33"," 24561.89"," 24561.89","311351.31"
"595.3075/3617.19","234262.30","339975.43"," 24561.89"," 24561.89","276909.61"," 24561.89"," 24561.89"," 24561.89"," 24561.89"," 24561.89"," 24561.89","353765.12"
"596.323/3814.37"," 195519.46","4482351.44","  24561.89","  24561.89","  24561.89"," 137865.60","  24561.89","  24561.89","  24561.89"," 142623.14","  24561.89","  24561.89"
"596.357/3817.5"," 24561.89"," 24561.89","273204.87","161920.11"," 24561.89"," 24561.89"," 24561.89","620204.70"," 24561.89"," 24561.89","473434.14","511236.05"
"597.3325/3809.68","67248.65","24561.89","24561.89","66215.79","67707.45","24561.89","24561.89","24561.89","24561.89","59829.39","24561.89","24561.89"
"597.3665/3822.98","  24561.89","1671423.26","  24561.89","  24561.89","  24561.89","  24561.89","  24561.89","  24561.89"," 124673.31","  24561.89"," 180230.29"," 206925.51"
